timestamp,power_kw,dataset,series_id
2013-08-10 00:00:00,25.601010,I-BLEND,Academic
2013-08-10 00:15:00,18.343667,I-BLEND,Academic
2013-08-10 00:30:00,18.262261,I-BLEND,Academic
2013-08-10 00:45:00,18.108049,I-BLEND,Academic
2013-08-10 01:00:00,17.836085,I-BLEND,Academic
2013-08-10 01:15:00,17.331651,I-BLEND,Academic
2013-08-10 01:30:00,17.051765,I-BLEND,Academic
2013-08-10 01:45:00,16.867943,I-BLEND,Academic
2013-08-10 02:00:00,16.816003,I-BLEND,Academic
2013-08-10 02:15:00,17.206056,I-BLEND,Academic
2013-08-10 02:30:00,16.512662,I-BLEND,Academic
2013-08-10 02:45:00,16.550679,I-BLEND,Academic
2013-08-10 03:00:00,16.405857,I-BLEND,Academic
2013-08-10 03:15:00,17.887551,I-BLEND,Academic
2013-08-10 03:30:00,18.604708,I-BLEND,Academic
2013-08-10 03:45:00,18.290688,I-BLEND,Academic
2013-08-10 04:00:00,18.418736,I-BLEND,Academic
2013-08-10 04:15:00,18.117968,I-BLEND,Academic
2013-08-10 04:30:00,17.549954,I-BLEND,Academic
2013-08-10 04:45:00,17.446948,I-BLEND,Academic
2013-08-10 05:00:00,17.458444,I-BLEND,Academic
2013-08-10 05:15:00,17.128728,I-BLEND,Academic
2013-08-10 05:30:00,14.744154,I-BLEND,Academic
2013-08-10 05:45:00,12.823362,I-BLEND,Academic
2013-08-10 06:00:00,13.088915,I-BLEND,Academic
2013-08-10 06:15:00,13.143632,I-BLEND,Academic
2013-08-10 06:30:00,16.552516,I-BLEND,Academic
2013-08-10 06:45:00,26.287074,I-BLEND,Academic
2013-08-10 07:00:00,29.310617,I-BLEND,Academic
2013-08-10 07:15:00,29.192359,I-BLEND,Academic
2013-08-10 07:30:00,30.890882,I-BLEND,Academic
2013-08-10 07:45:00,32.183765,I-BLEND,Academic
2013-08-10 08:00:00,33.436390,I-BLEND,Academic
2013-08-10 08:15:00,36.650852,I-BLEND,Academic
2013-08-10 08:30:00,39.802779,I-BLEND,Academic
2013-08-10 08:45:00,41.703289,I-BLEND,Academic
2013-08-10 09:00:00,42.749462,I-BLEND,Academic
2013-08-10 09:15:00,43.806889,I-BLEND,Academic
2013-08-10 09:30:00,45.621728,I-BLEND,Academic
2013-08-10 09:45:00,47.492907,I-BLEND,Academic
2013-08-10 10:00:00,47.048928,I-BLEND,Academic
2013-08-10 10:15:00,48.870776,I-BLEND,Academic
2013-08-10 10:30:00,49.481113,I-BLEND,Academic
2013-08-10 10:45:00,50.196540,I-BLEND,Academic
2013-08-10 11:00:00,51.300897,I-BLEND,Academic
2013-08-10 11:15:00,50.896384,I-BLEND,Academic
2013-08-10 11:30:00,51.344033,I-BLEND,Academic
2013-08-10 11:45:00,51.580764,I-BLEND,Academic
2013-08-10 12:00:00,51.835528,I-BLEND,Academic
2013-08-10 12:15:00,50.986961,I-BLEND,Academic
2013-08-10 12:30:00,50.828341,I-BLEND,Academic
2013-08-10 12:45:00,49.337687,I-BLEND,Academic
2013-08-10 13:00:00,48.352689,I-BLEND,Academic
2013-08-10 13:15:00,46.449164,I-BLEND,Academic
2013-08-10 13:30:00,46.025436,I-BLEND,Academic
2013-08-10 13:45:00,47.787628,I-BLEND,Academic
2013-08-10 14:00:00,49.517489,I-BLEND,Academic
2013-08-10 14:15:00,50.300191,I-BLEND,Academic
2013-08-10 14:30:00,49.686830,I-BLEND,Academic
2013-08-10 14:45:00,48.731652,I-BLEND,Academic
2013-08-10 15:00:00,49.138443,I-BLEND,Academic
2013-08-10 15:15:00,48.339701,I-BLEND,Academic
2013-08-10 15:30:00,49.631262,I-BLEND,Academic
2013-08-10 15:45:00,49.231270,I-BLEND,Academic
2013-08-10 16:00:00,47.934627,I-BLEND,Academic
2013-08-10 16:15:00,46.732329,I-BLEND,Academic
2013-08-10 16:30:00,49.768940,I-BLEND,Academic
2013-08-10 16:45:00,49.759712,I-BLEND,Academic
2013-08-10 17:00:00,46.435450,I-BLEND,Academic
2013-08-10 17:15:00,45.820202,I-BLEND,Academic
2013-08-10 17:30:00,43.095893,I-BLEND,Academic
2013-08-10 17:45:00,41.140406,I-BLEND,Academic
2013-08-10 18:00:00,39.477747,I-BLEND,Academic
2013-08-10 18:15:00,34.804156,I-BLEND,Academic
2013-08-10 18:30:00,34.860173,I-BLEND,Academic
2013-08-10 18:45:00,38.869900,I-BLEND,Academic
2013-08-10 19:00:00,39.473411,I-BLEND,Academic
2013-08-10 19:15:00,39.732123,I-BLEND,Academic
2013-08-10 19:30:00,38.280273,I-BLEND,Academic
2013-08-10 19:45:00,38.166410,I-BLEND,Academic
2013-08-10 20:00:00,36.796020,I-BLEND,Academic
2013-08-10 20:15:00,36.930451,I-BLEND,Academic
2013-08-10 20:30:00,36.361963,I-BLEND,Academic
2013-08-10 20:45:00,36.578992,I-BLEND,Academic
2013-08-10 21:00:00,34.508151,I-BLEND,Academic
2013-08-10 21:15:00,33.417758,I-BLEND,Academic
2013-08-10 21:30:00,33.150663,I-BLEND,Academic
2013-08-10 21:45:00,31.352772,I-BLEND,Academic
2013-08-10 22:00:00,31.913276,I-BLEND,Academic
2013-08-10 22:15:00,31.577806,I-BLEND,Academic
2013-08-10 22:30:00,31.580108,I-BLEND,Academic
2013-08-10 22:45:00,31.432484,I-BLEND,Academic
2013-08-10 23:00:00,31.496862,I-BLEND,Academic
2013-08-10 23:15:00,31.472546,I-BLEND,Academic
2013-08-10 23:30:00,31.545429,I-BLEND,Academic
2013-08-10 23:45:00,31.501813,I-BLEND,Academic
2013-08-11 00:00:00,29.768845,I-BLEND,Academic
2013-08-11 00:15:00,20.793366,I-BLEND,Academic
2013-08-11 00:30:00,20.418517,I-BLEND,Academic
2013-08-11 00:45:00,20.739053,I-BLEND,Academic
2013-08-11 01:00:00,20.647477,I-BLEND,Academic
2013-08-11 01:15:00,19.858843,I-BLEND,Academic
2013-08-11 01:30:00,20.511862,I-BLEND,Academic
2013-08-11 01:45:00,20.243399,I-BLEND,Academic
2013-08-11 02:00:00,19.749643,I-BLEND,Academic
2013-08-11 02:15:00,19.458572,I-BLEND,Academic
2013-08-11 02:30:00,19.418239,I-BLEND,Academic
2013-08-11 02:45:00,18.939665,I-BLEND,Academic
2013-08-11 03:00:00,18.925940,I-BLEND,Academic
2013-08-11 03:15:00,18.625006,I-BLEND,Academic
2013-08-11 03:30:00,18.667228,I-BLEND,Academic
2013-08-11 03:45:00,18.243287,I-BLEND,Academic
2013-08-11 04:00:00,18.094491,I-BLEND,Academic
2013-08-11 04:15:00,18.085981,I-BLEND,Academic
2013-08-11 04:30:00,18.012552,I-BLEND,Academic
2013-08-11 04:45:00,17.875084,I-BLEND,Academic
2013-08-11 05:00:00,17.997756,I-BLEND,Academic
2013-08-11 05:15:00,17.796049,I-BLEND,Academic
2013-08-11 05:30:00,17.501501,I-BLEND,Academic
2013-08-11 05:45:00,15.985783,I-BLEND,Academic
2013-08-11 06:00:00,12.027654,I-BLEND,Academic
2013-08-11 06:15:00,11.925664,I-BLEND,Academic
2013-08-11 06:30:00,11.782027,I-BLEND,Academic
2013-08-11 06:45:00,11.934135,I-BLEND,Academic
2013-08-11 07:00:00,11.730249,I-BLEND,Academic
2013-08-11 07:15:00,12.010683,I-BLEND,Academic
2013-08-11 07:30:00,11.874537,I-BLEND,Academic
2013-08-11 07:45:00,12.004271,I-BLEND,Academic
2013-08-11 08:00:00,12.101212,I-BLEND,Academic
2013-08-11 08:15:00,12.375492,I-BLEND,Academic
2013-08-11 08:30:00,13.879796,I-BLEND,Academic
2013-08-11 08:45:00,14.642497,I-BLEND,Academic
2013-08-11 09:00:00,14.763346,I-BLEND,Academic
2013-08-11 09:15:00,15.073939,I-BLEND,Academic
2013-08-11 09:30:00,17.195056,I-BLEND,Academic
2013-08-11 09:45:00,16.357233,I-BLEND,Academic
2013-08-11 10:00:00,17.145332,I-BLEND,Academic
2013-08-11 10:15:00,16.786305,I-BLEND,Academic
2013-08-11 10:30:00,16.923891,I-BLEND,Academic
2013-08-11 10:45:00,17.220824,I-BLEND,Academic
2013-08-11 11:00:00,19.026378,I-BLEND,Academic
2013-08-11 11:15:00,18.462018,I-BLEND,Academic
2013-08-11 11:30:00,18.165279,I-BLEND,Academic
2013-08-11 11:45:00,16.926978,I-BLEND,Academic
2013-08-11 12:00:00,18.077999,I-BLEND,Academic
2013-08-11 12:15:00,18.745097,I-BLEND,Academic
2013-08-11 12:30:00,18.108903,I-BLEND,Academic
2013-08-11 12:45:00,17.798762,I-BLEND,Academic
2013-08-11 13:00:00,17.956476,I-BLEND,Academic
2013-08-11 13:15:00,17.717046,I-BLEND,Academic
2013-08-11 13:30:00,17.777106,I-BLEND,Academic
2013-08-11 13:45:00,16.460465,I-BLEND,Academic
2013-08-11 14:00:00,16.674399,I-BLEND,Academic
2013-08-11 14:15:00,16.975855,I-BLEND,Academic
2013-08-11 14:30:00,18.121657,I-BLEND,Academic
2013-08-11 14:45:00,16.540779,I-BLEND,Academic
2013-08-11 15:00:00,15.880223,I-BLEND,Academic
2013-08-11 15:15:00,16.387101,I-BLEND,Academic
2013-08-11 15:30:00,16.121518,I-BLEND,Academic
2013-08-11 15:45:00,16.151494,I-BLEND,Academic
2013-08-11 16:00:00,16.188863,I-BLEND,Academic
2013-08-11 16:15:00,15.044285,I-BLEND,Academic
2013-08-11 16:30:00,14.640222,I-BLEND,Academic
2013-08-11 16:45:00,14.778659,I-BLEND,Academic
2013-08-11 17:00:00,14.395429,I-BLEND,Academic
2013-08-11 17:15:00,12.807097,I-BLEND,Academic
2013-08-11 17:30:00,12.615009,I-BLEND,Academic
2013-08-11 17:45:00,12.472660,I-BLEND,Academic
2013-08-11 18:00:00,11.828321,I-BLEND,Academic
2013-08-11 18:15:00,11.651634,I-BLEND,Academic
2013-08-11 18:30:00,11.875091,I-BLEND,Academic
2013-08-11 18:45:00,11.938047,I-BLEND,Academic
2013-08-11 19:00:00,16.996710,I-BLEND,Academic
2013-08-11 19:15:00,22.322089,I-BLEND,Academic
2013-08-11 19:30:00,21.031097,I-BLEND,Academic
2013-08-11 19:45:00,21.164122,I-BLEND,Academic
2013-08-11 20:00:00,20.232600,I-BLEND,Academic
2013-08-11 20:15:00,18.063285,I-BLEND,Academic
2013-08-11 20:30:00,18.297869,I-BLEND,Academic
2013-08-11 20:45:00,17.498476,I-BLEND,Academic
2013-08-11 21:00:00,17.247139,I-BLEND,Academic
2013-08-11 21:15:00,16.722280,I-BLEND,Academic
2013-08-11 21:30:00,16.731498,I-BLEND,Academic
2013-08-11 21:45:00,17.078201,I-BLEND,Academic
2013-08-11 22:00:00,17.917086,I-BLEND,Academic
2013-08-11 22:15:00,18.689153,I-BLEND,Academic
2013-08-11 22:30:00,18.459164,I-BLEND,Academic
2013-08-11 22:45:00,18.906496,I-BLEND,Academic
2013-08-11 23:00:00,18.657873,I-BLEND,Academic
2013-08-11 23:15:00,18.162680,I-BLEND,Academic
2013-08-11 23:30:00,18.195743,I-BLEND,Academic
2013-08-11 23:45:00,17.963288,I-BLEND,Academic
2013-08-12 00:00:00,17.871246,I-BLEND,Academic
2013-08-12 00:15:00,17.565507,I-BLEND,Academic
2013-08-12 00:30:00,17.596461,I-BLEND,Academic
2013-08-12 00:45:00,18.103413,I-BLEND,Academic
2013-08-12 01:00:00,18.058608,I-BLEND,Academic
2013-08-12 01:15:00,17.955304,I-BLEND,Academic
2013-08-12 01:30:00,17.598129,I-BLEND,Academic
2013-08-12 01:45:00,17.511514,I-BLEND,Academic
2013-08-12 02:00:00,16.370268,I-BLEND,Academic
2013-08-12 02:15:00,16.068130,I-BLEND,Academic
2013-08-12 02:30:00,15.974450,I-BLEND,Academic
2013-08-12 02:45:00,15.774506,I-BLEND,Academic
2013-08-12 03:00:00,15.931063,I-BLEND,Academic
2013-08-12 03:15:00,15.565197,I-BLEND,Academic
2013-08-12 03:30:00,15.673944,I-BLEND,Academic
2013-08-12 03:45:00,15.416066,I-BLEND,Academic
2013-08-12 04:00:00,15.598538,I-BLEND,Academic
2013-08-12 04:15:00,15.360335,I-BLEND,Academic
2013-08-12 04:30:00,15.623764,I-BLEND,Academic
2013-08-12 04:45:00,15.327993,I-BLEND,Academic
2013-08-12 05:00:00,15.530951,I-BLEND,Academic
2013-08-12 05:15:00,15.389909,I-BLEND,Academic
2013-08-12 05:30:00,15.404611,I-BLEND,Academic
2013-08-12 05:45:00,14.806822,I-BLEND,Academic
2013-08-12 06:00:00,10.064286,I-BLEND,Academic
2013-08-12 06:15:00,9.148489,I-BLEND,Academic
2013-08-12 06:30:00,8.817685,I-BLEND,Academic
2013-08-12 06:45:00,9.087872,I-BLEND,Academic
2013-08-12 07:00:00,9.452301,I-BLEND,Academic
2013-08-12 07:15:00,13.811132,I-BLEND,Academic
2013-08-12 07:30:00,24.637706,I-BLEND,Academic
2013-08-12 07:45:00,33.786026,I-BLEND,Academic
2013-08-12 08:00:00,37.085174,I-BLEND,Academic
2013-08-12 08:15:00,40.029150,I-BLEND,Academic
2013-08-12 08:30:00,42.293682,I-BLEND,Academic
2013-08-12 08:45:00,43.915838,I-BLEND,Academic
2013-08-12 09:00:00,45.220564,I-BLEND,Academic
2013-08-12 09:15:00,46.899925,I-BLEND,Academic
2013-08-12 09:30:00,48.557389,I-BLEND,Academic
2013-08-12 09:45:00,50.003954,I-BLEND,Academic
2013-08-12 10:00:00,50.910132,I-BLEND,Academic
2013-08-12 10:15:00,51.640905,I-BLEND,Academic
2013-08-12 10:30:00,52.867819,I-BLEND,Academic
2013-08-12 10:45:00,51.040696,I-BLEND,Academic
2013-08-12 11:00:00,51.081156,I-BLEND,Academic
2013-08-12 11:15:00,52.374434,I-BLEND,Academic
2013-08-12 11:30:00,52.182437,I-BLEND,Academic
2013-08-12 11:45:00,52.578062,I-BLEND,Academic
2013-08-12 12:00:00,53.499030,I-BLEND,Academic
2013-08-12 12:15:00,54.335293,I-BLEND,Academic
2013-08-12 12:30:00,52.030601,I-BLEND,Academic
2013-08-12 12:45:00,51.971173,I-BLEND,Academic
2013-08-12 13:00:00,53.115895,I-BLEND,Academic
2013-08-12 13:15:00,49.169750,I-BLEND,Academic
2013-08-12 13:30:00,48.782639,I-BLEND,Academic
2013-08-12 13:45:00,50.074123,I-BLEND,Academic
2013-08-12 14:00:00,51.441120,I-BLEND,Academic
2013-08-12 14:15:00,52.022766,I-BLEND,Academic
2013-08-12 14:30:00,51.805239,I-BLEND,Academic
2013-08-12 14:45:00,50.935907,I-BLEND,Academic
2013-08-12 15:00:00,52.685293,I-BLEND,Academic
2013-08-12 15:15:00,50.474982,I-BLEND,Academic
2013-08-12 15:30:00,50.927547,I-BLEND,Academic
2013-08-12 15:45:00,51.080099,I-BLEND,Academic
2013-08-12 16:00:00,51.931636,I-BLEND,Academic
2013-08-12 16:15:00,50.290157,I-BLEND,Academic
2013-08-12 16:30:00,47.987577,I-BLEND,Academic
2013-08-12 16:45:00,49.628035,I-BLEND,Academic
2013-08-12 17:00:00,51.455620,I-BLEND,Academic
2013-08-12 17:15:00,51.956846,I-BLEND,Academic
2013-08-12 17:30:00,50.012486,I-BLEND,Academic
2013-08-12 17:45:00,49.976581,I-BLEND,Academic
2013-08-12 18:00:00,48.195952,I-BLEND,Academic
2013-08-12 18:15:00,47.463481,I-BLEND,Academic
2013-08-12 18:30:00,47.819507,I-BLEND,Academic
2013-08-12 18:45:00,41.431912,I-BLEND,Academic
2013-08-12 19:00:00,40.214710,I-BLEND,Academic
2013-08-12 19:15:00,37.620473,I-BLEND,Academic
2013-08-12 19:30:00,37.332734,I-BLEND,Academic
2013-08-12 19:45:00,36.237907,I-BLEND,Academic
2013-08-12 20:00:00,32.776754,I-BLEND,Academic
2013-08-12 20:15:00,32.472511,I-BLEND,Academic
2013-08-12 20:30:00,31.545095,I-BLEND,Academic
2013-08-12 20:45:00,31.180382,I-BLEND,Academic
2013-08-12 21:00:00,30.844204,I-BLEND,Academic
2013-08-12 21:15:00,29.941530,I-BLEND,Academic
2013-08-12 21:30:00,30.173011,I-BLEND,Academic
2013-08-12 21:45:00,31.004898,I-BLEND,Academic
2013-08-12 22:00:00,30.665619,I-BLEND,Academic
2013-08-12 22:15:00,30.452498,I-BLEND,Academic
2013-08-12 22:30:00,31.468053,I-BLEND,Academic
2013-08-12 22:45:00,31.235790,I-BLEND,Academic
2013-08-12 23:00:00,30.703055,I-BLEND,Academic
2013-08-12 23:15:00,31.067421,I-BLEND,Academic
2013-08-12 23:30:00,30.563131,I-BLEND,Academic
2013-08-12 23:45:00,30.511186,I-BLEND,Academic
2013-08-13 00:00:00,29.766154,I-BLEND,Academic
2013-08-13 00:15:00,29.485252,I-BLEND,Academic
2013-08-13 00:30:00,28.936489,I-BLEND,Academic
2013-08-13 00:45:00,28.765635,I-BLEND,Academic
2013-08-13 01:00:00,28.361869,I-BLEND,Academic
2013-08-13 01:15:00,22.732051,I-BLEND,Academic
2013-08-13 01:30:00,16.670553,I-BLEND,Academic
2013-08-13 01:45:00,16.614338,I-BLEND,Academic
2013-08-13 02:00:00,15.927818,I-BLEND,Academic
2013-08-13 02:15:00,15.630369,I-BLEND,Academic
2013-08-13 02:30:00,15.776133,I-BLEND,Academic
2013-08-13 02:45:00,16.133996,I-BLEND,Academic
2013-08-13 03:00:00,15.578488,I-BLEND,Academic
2013-08-13 03:15:00,15.353848,I-BLEND,Academic
2013-08-13 03:30:00,15.172823,I-BLEND,Academic
2013-08-13 03:45:00,14.946930,I-BLEND,Academic
2013-08-13 04:00:00,14.867441,I-BLEND,Academic
2013-08-13 04:15:00,14.331696,I-BLEND,Academic
2013-08-13 04:30:00,14.590563,I-BLEND,Academic
2013-08-13 04:45:00,14.389717,I-BLEND,Academic
2013-08-13 05:00:00,14.117053,I-BLEND,Academic
2013-08-13 05:15:00,14.288204,I-BLEND,Academic
2013-08-13 05:30:00,14.304745,I-BLEND,Academic
2013-08-13 05:45:00,13.317626,I-BLEND,Academic
2013-08-13 06:00:00,12.360716,I-BLEND,Academic
2013-08-13 06:15:00,8.603597,I-BLEND,Academic
2013-08-13 06:30:00,8.546508,I-BLEND,Academic
2013-08-13 06:45:00,8.199486,I-BLEND,Academic
2013-08-13 07:00:00,9.487213,I-BLEND,Academic
2013-08-13 07:15:00,21.026494,I-BLEND,Academic
2013-08-13 07:30:00,26.451325,I-BLEND,Academic
2013-08-13 07:45:00,32.363940,I-BLEND,Academic
2013-08-13 08:00:00,38.047309,I-BLEND,Academic
2013-08-13 08:15:00,40.036117,I-BLEND,Academic
2013-08-13 08:30:00,39.986382,I-BLEND,Academic
2013-08-13 08:45:00,44.878420,I-BLEND,Academic
2013-08-13 09:00:00,43.031506,I-BLEND,Academic
2013-08-13 09:15:00,45.029401,I-BLEND,Academic
2013-08-13 09:30:00,46.491555,I-BLEND,Academic
2013-08-13 09:45:00,48.193882,I-BLEND,Academic
2013-08-13 10:00:00,49.483128,I-BLEND,Academic
2013-08-13 10:15:00,50.050331,I-BLEND,Academic
2013-08-13 10:30:00,50.282080,I-BLEND,Academic
2013-08-13 10:45:00,50.905944,I-BLEND,Academic
2013-08-13 11:00:00,50.702572,I-BLEND,Academic
2013-08-13 11:15:00,53.597965,I-BLEND,Academic
2013-08-13 11:30:00,53.995072,I-BLEND,Academic
2013-08-13 11:45:00,54.572842,I-BLEND,Academic
2013-08-13 12:00:00,53.934701,I-BLEND,Academic
2013-08-13 12:15:00,53.794875,I-BLEND,Academic
2013-08-13 12:30:00,54.084728,I-BLEND,Academic
2013-08-13 12:45:00,53.419718,I-BLEND,Academic
2013-08-13 13:00:00,52.372394,I-BLEND,Academic
2013-08-13 13:15:00,51.870780,I-BLEND,Academic
2013-08-13 13:30:00,50.616322,I-BLEND,Academic
2013-08-13 13:45:00,51.462075,I-BLEND,Academic
2013-08-13 14:00:00,52.837829,I-BLEND,Academic
2013-08-13 14:15:00,53.347421,I-BLEND,Academic
2013-08-13 14:30:00,53.909150,I-BLEND,Academic
2013-08-13 14:45:00,56.048608,I-BLEND,Academic
2013-08-13 15:00:00,55.805848,I-BLEND,Academic
2013-08-13 15:15:00,54.817993,I-BLEND,Academic
2013-08-13 15:30:00,56.412379,I-BLEND,Academic
2013-08-13 15:45:00,54.359223,I-BLEND,Academic
2013-08-13 16:00:00,54.260187,I-BLEND,Academic
2013-08-13 16:15:00,54.117584,I-BLEND,Academic
2013-08-13 16:30:00,53.788520,I-BLEND,Academic
2013-08-13 16:45:00,52.222646,I-BLEND,Academic
2013-08-13 17:00:00,53.333540,I-BLEND,Academic
2013-08-13 17:15:00,49.982188,I-BLEND,Academic
2013-08-13 17:30:00,47.295462,I-BLEND,Academic
2013-08-13 17:45:00,45.021495,I-BLEND,Academic
2013-08-13 18:00:00,36.230946,I-BLEND,Academic
2013-08-13 18:15:00,34.432377,I-BLEND,Academic
2013-08-13 18:30:00,35.891703,I-BLEND,Academic
2013-08-13 18:45:00,33.010137,I-BLEND,Academic
2013-08-13 19:00:00,36.482562,I-BLEND,Academic
2013-08-13 19:15:00,38.536342,I-BLEND,Academic
2013-08-13 19:30:00,35.960748,I-BLEND,Academic
2013-08-13 19:45:00,35.087307,I-BLEND,Academic
2013-08-13 20:00:00,35.414076,I-BLEND,Academic
2013-08-13 20:15:00,35.166892,I-BLEND,Academic
2013-08-13 20:30:00,33.590420,I-BLEND,Academic
2013-08-13 20:45:00,33.099049,I-BLEND,Academic
2013-08-13 21:00:00,32.715016,I-BLEND,Academic
2013-08-13 21:15:00,32.399891,I-BLEND,Academic
2013-08-13 21:30:00,32.076970,I-BLEND,Academic
2013-08-13 21:45:00,31.748515,I-BLEND,Academic
2013-08-13 22:00:00,32.762949,I-BLEND,Academic
2013-08-13 22:15:00,32.949296,I-BLEND,Academic
2013-08-13 22:30:00,32.601923,I-BLEND,Academic
2013-08-13 22:45:00,31.842008,I-BLEND,Academic
2013-08-13 23:00:00,31.996744,I-BLEND,Academic
2013-08-13 23:15:00,30.954489,I-BLEND,Academic
2013-08-13 23:30:00,30.704095,I-BLEND,Academic
2013-08-13 23:45:00,28.199655,I-BLEND,Academic
2013-08-14 00:00:00,22.037406,I-BLEND,Academic
2013-08-14 00:15:00,22.070136,I-BLEND,Academic
2013-08-14 00:30:00,21.740601,I-BLEND,Academic
2013-08-14 00:45:00,21.410458,I-BLEND,Academic
2013-08-14 01:00:00,20.388228,I-BLEND,Academic
2013-08-14 01:15:00,20.039507,I-BLEND,Academic
2013-08-14 01:30:00,19.751953,I-BLEND,Academic
2013-08-14 01:45:00,20.038270,I-BLEND,Academic
2013-08-14 02:00:00,19.314418,I-BLEND,Academic
2013-08-14 02:15:00,17.758988,I-BLEND,Academic
2013-08-14 02:30:00,17.860405,I-BLEND,Academic
2013-08-14 02:45:00,17.818788,I-BLEND,Academic
2013-08-14 03:00:00,17.298597,I-BLEND,Academic
2013-08-14 03:15:00,17.083673,I-BLEND,Academic
2013-08-14 03:30:00,16.560464,I-BLEND,Academic
2013-08-14 03:45:00,16.347694,I-BLEND,Academic
2013-08-14 04:00:00,16.413764,I-BLEND,Academic
2013-08-14 04:15:00,16.333017,I-BLEND,Academic
2013-08-14 04:30:00,16.491043,I-BLEND,Academic
2013-08-14 04:45:00,16.202221,I-BLEND,Academic
2013-08-14 05:00:00,15.971485,I-BLEND,Academic
2013-08-14 05:15:00,15.973745,I-BLEND,Academic
2013-08-14 05:30:00,16.564383,I-BLEND,Academic
2013-08-14 05:45:00,14.874304,I-BLEND,Academic
2013-08-14 06:00:00,12.704583,I-BLEND,Academic
2013-08-14 06:15:00,11.342814,I-BLEND,Academic
2013-08-14 06:30:00,10.049558,I-BLEND,Academic
2013-08-14 06:45:00,10.919922,I-BLEND,Academic
2013-08-14 07:00:00,11.123899,I-BLEND,Academic
2013-08-14 07:15:00,19.268418,I-BLEND,Academic
2013-08-14 07:30:00,30.562804,I-BLEND,Academic
2013-08-14 07:45:00,31.152134,I-BLEND,Academic
2013-08-14 08:00:00,35.175839,I-BLEND,Academic
2013-08-14 08:15:00,38.940569,I-BLEND,Academic
2013-08-14 08:30:00,42.701447,I-BLEND,Academic
2013-08-14 08:45:00,45.861583,I-BLEND,Academic
2013-08-14 09:00:00,46.235466,I-BLEND,Academic
2013-08-14 09:15:00,48.464148,I-BLEND,Academic
2013-08-14 09:30:00,50.753750,I-BLEND,Academic
2013-08-14 09:45:00,50.967529,I-BLEND,Academic
2013-08-14 10:00:00,52.469146,I-BLEND,Academic
2013-08-14 10:15:00,53.323103,I-BLEND,Academic
2013-08-14 10:30:00,52.356105,I-BLEND,Academic
2013-08-14 10:45:00,52.892751,I-BLEND,Academic
2013-08-14 11:00:00,53.111288,I-BLEND,Academic
2013-08-14 11:15:00,55.235937,I-BLEND,Academic
2013-08-14 11:30:00,55.397721,I-BLEND,Academic
2013-08-14 11:45:00,55.154495,I-BLEND,Academic
2013-08-14 12:00:00,54.958317,I-BLEND,Academic
2013-08-14 12:15:00,56.364457,I-BLEND,Academic
2013-08-14 12:30:00,55.968583,I-BLEND,Academic
2013-08-14 12:45:00,53.423501,I-BLEND,Academic
2013-08-14 13:00:00,50.072329,I-BLEND,Academic
2013-08-14 13:15:00,48.972229,I-BLEND,Academic
2013-08-14 13:30:00,49.654991,I-BLEND,Academic
2013-08-14 13:45:00,52.287471,I-BLEND,Academic
2013-08-14 14:00:00,50.617241,I-BLEND,Academic
2013-08-14 14:15:00,51.208034,I-BLEND,Academic
2013-08-14 14:30:00,51.178644,I-BLEND,Academic
2013-08-14 14:45:00,49.411560,I-BLEND,Academic
2013-08-14 15:00:00,50.309589,I-BLEND,Academic
2013-08-14 15:15:00,51.143223,I-BLEND,Academic
2013-08-14 15:30:00,52.072413,I-BLEND,Academic
2013-08-14 15:45:00,52.781616,I-BLEND,Academic
2013-08-14 16:00:00,50.977701,I-BLEND,Academic
2013-08-14 16:15:00,53.744577,I-BLEND,Academic
2013-08-14 16:30:00,52.356935,I-BLEND,Academic
2013-08-14 16:45:00,53.864062,I-BLEND,Academic
2013-08-14 17:00:00,50.947595,I-BLEND,Academic
2013-08-14 17:15:00,48.238485,I-BLEND,Academic
2013-08-14 17:30:00,46.627783,I-BLEND,Academic
2013-08-14 17:45:00,42.424305,I-BLEND,Academic
2013-08-14 18:00:00,36.433574,I-BLEND,Academic
2013-08-14 18:15:00,36.491822,I-BLEND,Academic
2013-08-14 18:30:00,35.963853,I-BLEND,Academic
2013-08-14 18:45:00,34.690482,I-BLEND,Academic
2013-08-14 19:00:00,35.537552,I-BLEND,Academic
2013-08-14 19:15:00,33.765475,I-BLEND,Academic
2013-08-14 19:30:00,30.492262,I-BLEND,Academic
2013-08-14 19:45:00,30.331438,I-BLEND,Academic
2013-08-14 20:00:00,27.805548,I-BLEND,Academic
2013-08-14 20:15:00,30.174116,I-BLEND,Academic
2013-08-14 20:30:00,29.667883,I-BLEND,Academic
2013-08-14 20:45:00,28.664468,I-BLEND,Academic
2013-08-14 21:00:00,26.436555,I-BLEND,Academic
2013-08-14 21:15:00,25.549512,I-BLEND,Academic
2013-08-14 21:30:00,25.879009,I-BLEND,Academic
2013-08-14 21:45:00,26.149624,I-BLEND,Academic
2013-08-14 22:00:00,26.401176,I-BLEND,Academic
2013-08-14 22:15:00,26.491385,I-BLEND,Academic
2013-08-14 22:30:00,26.377255,I-BLEND,Academic
2013-08-14 22:45:00,26.592691,I-BLEND,Academic
2013-08-14 23:00:00,25.277760,I-BLEND,Academic
2013-08-14 23:15:00,24.422625,I-BLEND,Academic
2013-08-14 23:30:00,24.078146,I-BLEND,Academic
2013-08-14 23:45:00,23.305873,I-BLEND,Academic
2013-08-15 00:00:00,23.474146,I-BLEND,Academic
2013-08-15 00:15:00,23.465681,I-BLEND,Academic
2013-08-15 00:30:00,21.427706,I-BLEND,Academic
2013-08-15 00:45:00,16.094622,I-BLEND,Academic
2013-08-15 01:00:00,15.657060,I-BLEND,Academic
2013-08-15 01:15:00,15.067008,I-BLEND,Academic
2013-08-15 01:30:00,15.421628,I-BLEND,Academic
2013-08-15 01:45:00,15.472811,I-BLEND,Academic
2013-08-15 02:00:00,15.056417,I-BLEND,Academic
2013-08-15 02:15:00,14.453806,I-BLEND,Academic
2013-08-15 02:30:00,14.414388,I-BLEND,Academic
2013-08-15 02:45:00,14.588267,I-BLEND,Academic
2013-08-15 03:00:00,14.261028,I-BLEND,Academic
2013-08-15 03:15:00,14.296950,I-BLEND,Academic
2013-08-15 03:30:00,13.818014,I-BLEND,Academic
2013-08-15 03:45:00,14.120325,I-BLEND,Academic
2013-08-15 04:00:00,13.677956,I-BLEND,Academic
2013-08-15 04:15:00,13.420664,I-BLEND,Academic
2013-08-15 04:30:00,13.419550,I-BLEND,Academic
2013-08-15 04:45:00,13.711202,I-BLEND,Academic
2013-08-15 05:00:00,13.777473,I-BLEND,Academic
2013-08-15 05:15:00,13.444612,I-BLEND,Academic
2013-08-15 05:30:00,13.090039,I-BLEND,Academic
2013-08-15 05:45:00,12.206695,I-BLEND,Academic
2013-08-15 06:00:00,10.139337,I-BLEND,Academic
2013-08-15 06:15:00,8.840492,I-BLEND,Academic
2013-08-15 06:30:00,8.886853,I-BLEND,Academic
2013-08-15 06:45:00,8.953793,I-BLEND,Academic
2013-08-15 07:00:00,8.467995,I-BLEND,Academic
2013-08-15 07:15:00,8.844473,I-BLEND,Academic
2013-08-15 07:30:00,8.591994,I-BLEND,Academic
2013-08-15 07:45:00,8.806091,I-BLEND,Academic
2013-08-15 08:00:00,9.153605,I-BLEND,Academic
2013-08-15 08:15:00,9.804953,I-BLEND,Academic
2013-08-15 08:30:00,10.522894,I-BLEND,Academic
2013-08-15 08:45:00,10.332876,I-BLEND,Academic
2013-08-15 09:00:00,12.132209,I-BLEND,Academic
2013-08-15 09:15:00,22.752833,I-BLEND,Academic
2013-08-15 09:30:00,23.519583,I-BLEND,Academic
2013-08-15 09:45:00,23.424086,I-BLEND,Academic
2013-08-15 10:00:00,25.273275,I-BLEND,Academic
2013-08-15 10:15:00,26.438852,I-BLEND,Academic
2013-08-15 10:30:00,26.935538,I-BLEND,Academic
2013-08-15 10:45:00,28.893382,I-BLEND,Academic
2013-08-15 11:00:00,30.358995,I-BLEND,Academic
2013-08-15 11:15:00,30.257535,I-BLEND,Academic
2013-08-15 11:30:00,29.670091,I-BLEND,Academic
2013-08-15 11:45:00,29.837562,I-BLEND,Academic
2013-08-15 12:00:00,29.994128,I-BLEND,Academic
2013-08-15 12:15:00,26.578260,I-BLEND,Academic
2013-08-15 12:30:00,22.196546,I-BLEND,Academic
2013-08-15 12:45:00,22.336388,I-BLEND,Academic
2013-08-15 13:00:00,22.298811,I-BLEND,Academic
2013-08-15 13:15:00,22.208453,I-BLEND,Academic
2013-08-15 13:30:00,19.770121,I-BLEND,Academic
2013-08-15 13:45:00,19.430936,I-BLEND,Academic
2013-08-15 14:00:00,19.987934,I-BLEND,Academic
2013-08-15 14:15:00,19.518345,I-BLEND,Academic
2013-08-15 14:30:00,19.115705,I-BLEND,Academic
2013-08-15 14:45:00,17.192430,I-BLEND,Academic
2013-08-15 15:00:00,16.082196,I-BLEND,Academic
2013-08-15 15:15:00,15.663660,I-BLEND,Academic
2013-08-15 15:30:00,16.327741,I-BLEND,Academic
2013-08-15 15:45:00,16.926902,I-BLEND,Academic
2013-08-15 16:00:00,17.708934,I-BLEND,Academic
2013-08-15 16:15:00,17.264970,I-BLEND,Academic
2013-08-15 16:30:00,16.832716,I-BLEND,Academic
2013-08-15 16:45:00,16.189075,I-BLEND,Academic
2013-08-15 17:00:00,16.086112,I-BLEND,Academic
2013-08-15 17:15:00,16.249194,I-BLEND,Academic
2013-08-15 17:30:00,18.222900,I-BLEND,Academic
2013-08-15 17:45:00,16.121584,I-BLEND,Academic
2013-08-15 18:00:00,15.874462,I-BLEND,Academic
2013-08-15 18:15:00,15.987533,I-BLEND,Academic
2013-08-15 18:30:00,16.680170,I-BLEND,Academic
2013-08-15 18:45:00,16.952729,I-BLEND,Academic
2013-08-15 19:00:00,21.371373,I-BLEND,Academic
2013-08-15 19:15:00,23.782529,I-BLEND,Academic
2013-08-15 19:30:00,22.318135,I-BLEND,Academic
2013-08-15 19:45:00,20.532231,I-BLEND,Academic
2013-08-15 20:00:00,20.355709,I-BLEND,Academic
2013-08-15 20:15:00,20.504943,I-BLEND,Academic
2013-08-15 20:30:00,22.234874,I-BLEND,Academic
2013-08-15 20:45:00,21.461781,I-BLEND,Academic
2013-08-15 21:00:00,21.023429,I-BLEND,Academic
2013-08-15 21:15:00,19.966851,I-BLEND,Academic
2013-08-15 21:30:00,17.320485,I-BLEND,Academic
2013-08-15 21:45:00,17.186117,I-BLEND,Academic
2013-08-15 22:00:00,17.278196,I-BLEND,Academic
2013-08-15 22:15:00,17.617355,I-BLEND,Academic
2013-08-15 22:30:00,18.305429,I-BLEND,Academic
2013-08-15 22:45:00,17.878105,I-BLEND,Academic
2013-08-15 23:00:00,18.884780,I-BLEND,Academic
2013-08-15 23:15:00,19.135564,I-BLEND,Academic
2013-08-15 23:30:00,20.970190,I-BLEND,Academic
2013-08-15 23:45:00,21.785319,I-BLEND,Academic
2013-08-16 00:00:00,20.233649,I-BLEND,Academic
2013-08-16 00:15:00,20.582953,I-BLEND,Academic
2013-08-16 00:30:00,18.984168,I-BLEND,Academic
2013-08-16 00:45:00,18.458959,I-BLEND,Academic
2013-08-16 01:00:00,17.580499,I-BLEND,Academic
2013-08-16 01:15:00,17.585413,I-BLEND,Academic
2013-08-16 01:30:00,17.803038,I-BLEND,Academic
2013-08-16 01:45:00,17.302925,I-BLEND,Academic
2013-08-16 02:00:00,17.615155,I-BLEND,Academic
2013-08-16 02:15:00,18.110959,I-BLEND,Academic
2013-08-16 02:30:00,18.197213,I-BLEND,Academic
2013-08-16 02:45:00,17.840527,I-BLEND,Academic
2013-08-16 03:00:00,17.599517,I-BLEND,Academic
2013-08-16 03:15:00,17.248997,I-BLEND,Academic
2013-08-16 03:30:00,17.179871,I-BLEND,Academic
2013-08-16 03:45:00,17.382087,I-BLEND,Academic
2013-08-16 04:00:00,17.311868,I-BLEND,Academic
2013-08-16 04:15:00,18.016917,I-BLEND,Academic
2013-08-16 04:30:00,17.310866,I-BLEND,Academic
2013-08-16 04:45:00,17.101556,I-BLEND,Academic
2013-08-16 05:00:00,16.303441,I-BLEND,Academic
2013-08-16 05:15:00,15.892237,I-BLEND,Academic
2013-08-16 05:30:00,12.408966,I-BLEND,Academic
2013-08-16 05:45:00,10.790954,I-BLEND,Academic
2013-08-16 06:00:00,10.895464,I-BLEND,Academic
2013-08-16 06:15:00,10.576986,I-BLEND,Academic
2013-08-16 06:30:00,9.906933,I-BLEND,Academic
2013-08-16 06:45:00,13.160370,I-BLEND,Academic
2013-08-16 07:00:00,24.277860,I-BLEND,Academic
2013-08-16 07:15:00,29.127500,I-BLEND,Academic
2013-08-16 07:30:00,29.937405,I-BLEND,Academic
2013-08-16 07:45:00,31.808968,I-BLEND,Academic
2013-08-16 08:00:00,37.920671,I-BLEND,Academic
2013-08-16 08:15:00,40.385042,I-BLEND,Academic
2013-08-16 08:30:00,44.181620,I-BLEND,Academic
2013-08-16 08:45:00,47.227220,I-BLEND,Academic
2013-08-16 09:00:00,46.992410,I-BLEND,Academic
2013-08-16 09:15:00,48.506158,I-BLEND,Academic
2013-08-16 09:30:00,48.408686,I-BLEND,Academic
2013-08-16 09:45:00,47.990721,I-BLEND,Academic
2013-08-16 10:00:00,47.796207,I-BLEND,Academic
2013-08-16 10:15:00,52.959365,I-BLEND,Academic
2013-08-16 10:30:00,55.951461,I-BLEND,Academic
2013-08-16 10:45:00,54.607795,I-BLEND,Academic
2013-08-16 11:00:00,55.668421,I-BLEND,Academic
2013-08-16 11:15:00,55.830435,I-BLEND,Academic
2013-08-16 11:30:00,57.248870,I-BLEND,Academic
2013-08-16 11:45:00,57.341095,I-BLEND,Academic
2013-08-16 12:00:00,56.055158,I-BLEND,Academic
2013-08-16 12:15:00,57.161061,I-BLEND,Academic
2013-08-16 12:30:00,57.698801,I-BLEND,Academic
2013-08-16 12:45:00,57.164230,I-BLEND,Academic
2013-08-16 13:00:00,55.866847,I-BLEND,Academic
2013-08-16 13:15:00,54.055191,I-BLEND,Academic
2013-08-16 13:30:00,53.136221,I-BLEND,Academic
2013-08-16 13:45:00,53.062781,I-BLEND,Academic
2013-08-16 14:00:00,53.658739,I-BLEND,Academic
2013-08-16 14:15:00,54.519594,I-BLEND,Academic
2013-08-16 14:30:00,54.143371,I-BLEND,Academic
2013-08-16 14:45:00,54.899424,I-BLEND,Academic
2013-08-16 15:00:00,54.029768,I-BLEND,Academic
2013-08-16 15:15:00,53.334590,I-BLEND,Academic
2013-08-16 15:30:00,53.547550,I-BLEND,Academic
2013-08-16 15:45:00,52.348082,I-BLEND,Academic
2013-08-16 16:00:00,51.603029,I-BLEND,Academic
2013-08-16 16:15:00,53.160298,I-BLEND,Academic
2013-08-16 16:30:00,53.922092,I-BLEND,Academic
2013-08-16 16:45:00,53.376878,I-BLEND,Academic
2013-08-16 17:00:00,50.432787,I-BLEND,Academic
2013-08-16 17:15:00,47.442241,I-BLEND,Academic
2013-08-16 17:30:00,45.488143,I-BLEND,Academic
2013-08-16 17:45:00,43.547460,I-BLEND,Academic
2013-08-16 18:00:00,40.938332,I-BLEND,Academic
2013-08-16 18:15:00,33.989299,I-BLEND,Academic
2013-08-16 18:30:00,38.746405,I-BLEND,Academic
2013-08-16 18:45:00,40.526169,I-BLEND,Academic
2013-08-16 19:00:00,40.696048,I-BLEND,Academic
2013-08-16 19:15:00,42.264507,I-BLEND,Academic
2013-08-16 19:30:00,41.049077,I-BLEND,Academic
2013-08-16 19:45:00,41.501515,I-BLEND,Academic
2013-08-16 20:00:00,38.701193,I-BLEND,Academic
2013-08-16 20:15:00,39.380368,I-BLEND,Academic
2013-08-16 20:30:00,38.118443,I-BLEND,Academic
2013-08-16 20:45:00,36.657458,I-BLEND,Academic
2013-08-16 21:00:00,36.477293,I-BLEND,Academic
2013-08-16 21:15:00,31.980669,I-BLEND,Academic
2013-08-16 21:30:00,30.069906,I-BLEND,Academic
2013-08-16 21:45:00,30.767439,I-BLEND,Academic
2013-08-16 22:00:00,31.859155,I-BLEND,Academic
2013-08-16 22:15:00,32.247827,I-BLEND,Academic
2013-08-16 22:30:00,32.449762,I-BLEND,Academic
2013-08-16 22:45:00,32.665324,I-BLEND,Academic
2013-08-16 23:00:00,32.627727,I-BLEND,Academic
2013-08-16 23:15:00,32.054453,I-BLEND,Academic
2013-08-16 23:30:00,28.931277,I-BLEND,Academic
2013-08-16 23:45:00,21.135932,I-BLEND,Academic
2013-08-17 00:00:00,21.072224,I-BLEND,Academic
2013-08-17 00:15:00,20.765175,I-BLEND,Academic
2013-08-17 00:30:00,20.481532,I-BLEND,Academic
2013-08-17 00:45:00,19.540357,I-BLEND,Academic
2013-08-17 01:00:00,20.454092,I-BLEND,Academic
2013-08-17 01:15:00,20.279336,I-BLEND,Academic
2013-08-17 01:30:00,19.445726,I-BLEND,Academic
2013-08-17 01:45:00,20.484708,I-BLEND,Academic
2013-08-17 02:00:00,21.015808,I-BLEND,Academic
2013-08-17 02:15:00,20.827766,I-BLEND,Academic
2013-08-17 02:30:00,20.611179,I-BLEND,Academic
2013-08-17 02:45:00,20.209205,I-BLEND,Academic
2013-08-17 03:00:00,20.044892,I-BLEND,Academic
2013-08-17 03:15:00,19.786094,I-BLEND,Academic
2013-08-17 03:30:00,17.323479,I-BLEND,Academic
2013-08-17 03:45:00,16.630253,I-BLEND,Academic
2013-08-17 04:00:00,16.339454,I-BLEND,Academic
2013-08-17 04:15:00,16.158830,I-BLEND,Academic
2013-08-17 04:30:00,16.055644,I-BLEND,Academic
2013-08-17 04:45:00,15.720131,I-BLEND,Academic
2013-08-17 05:00:00,15.714748,I-BLEND,Academic
2013-08-17 05:15:00,15.542374,I-BLEND,Academic
2013-08-17 05:30:00,15.094831,I-BLEND,Academic
2013-08-17 05:45:00,11.728120,I-BLEND,Academic
2013-08-17 06:00:00,10.243634,I-BLEND,Academic
2013-08-17 06:15:00,9.945698,I-BLEND,Academic
2013-08-17 06:30:00,9.866049,I-BLEND,Academic
2013-08-17 06:45:00,10.057126,I-BLEND,Academic
2013-08-17 07:00:00,10.187493,I-BLEND,Academic
2013-08-17 07:15:00,10.566391,I-BLEND,Academic
2013-08-17 07:30:00,11.354772,I-BLEND,Academic
2013-08-17 07:45:00,12.976836,I-BLEND,Academic
2013-08-17 08:00:00,13.886191,I-BLEND,Academic
2013-08-17 08:15:00,17.469213,I-BLEND,Academic
2013-08-17 08:30:00,18.914892,I-BLEND,Academic
2013-08-17 08:45:00,20.794671,I-BLEND,Academic
2013-08-17 09:00:00,28.283824,I-BLEND,Academic
2013-08-17 09:15:00,33.153741,I-BLEND,Academic
2013-08-17 09:30:00,36.905826,I-BLEND,Academic
2013-08-17 09:45:00,36.285234,I-BLEND,Academic
2013-08-17 10:00:00,42.456191,I-BLEND,Academic
2013-08-17 10:15:00,42.129252,I-BLEND,Academic
2013-08-17 10:30:00,42.556057,I-BLEND,Academic
2013-08-17 10:45:00,43.330860,I-BLEND,Academic
2013-08-17 11:00:00,45.002614,I-BLEND,Academic
2013-08-17 11:15:00,45.217498,I-BLEND,Academic
2013-08-17 11:30:00,46.263936,I-BLEND,Academic
2013-08-17 11:45:00,45.302518,I-BLEND,Academic
2013-08-17 12:00:00,46.060016,I-BLEND,Academic
2013-08-17 12:15:00,45.246955,I-BLEND,Academic
2013-08-17 12:30:00,44.377663,I-BLEND,Academic
2013-08-17 12:45:00,44.650345,I-BLEND,Academic
2013-08-17 13:00:00,45.590828,I-BLEND,Academic
2013-08-17 13:15:00,45.437241,I-BLEND,Academic
2013-08-17 13:30:00,45.019897,I-BLEND,Academic
2013-08-17 13:45:00,45.972148,I-BLEND,Academic
2013-08-17 14:00:00,46.746030,I-BLEND,Academic
2013-08-17 14:15:00,46.606685,I-BLEND,Academic
2013-08-17 14:30:00,46.599072,I-BLEND,Academic
2013-08-17 14:45:00,45.651577,I-BLEND,Academic
2013-08-17 15:00:00,45.390575,I-BLEND,Academic
2013-08-17 15:15:00,42.949307,I-BLEND,Academic
2013-08-17 15:30:00,41.473258,I-BLEND,Academic
2013-08-17 15:45:00,39.794201,I-BLEND,Academic
2013-08-17 16:00:00,40.995690,I-BLEND,Academic
2013-08-17 16:15:00,41.104270,I-BLEND,Academic
2013-08-17 16:30:00,36.651799,I-BLEND,Academic
2013-08-17 16:45:00,32.251858,I-BLEND,Academic
2013-08-17 17:00:00,31.933311,I-BLEND,Academic
2013-08-17 17:15:00,31.513678,I-BLEND,Academic
2013-08-17 17:30:00,32.527562,I-BLEND,Academic
2013-08-17 17:45:00,30.447011,I-BLEND,Academic
2013-08-17 18:00:00,33.095950,I-BLEND,Academic
2013-08-17 18:15:00,32.326418,I-BLEND,Academic
2013-08-17 18:30:00,31.647025,I-BLEND,Academic
2013-08-17 18:45:00,30.021914,I-BLEND,Academic
2013-08-17 19:00:00,34.569737,I-BLEND,Academic
2013-08-17 19:15:00,35.041076,I-BLEND,Academic
2013-08-17 19:30:00,35.816213,I-BLEND,Academic
2013-08-17 19:45:00,33.285277,I-BLEND,Academic
2013-08-17 20:00:00,31.900945,I-BLEND,Academic
2013-08-17 20:15:00,31.007976,I-BLEND,Academic
2013-08-17 20:30:00,30.919025,I-BLEND,Academic
2013-08-17 20:45:00,29.743697,I-BLEND,Academic
2013-08-17 21:00:00,29.790361,I-BLEND,Academic
2013-08-17 21:15:00,27.449864,I-BLEND,Academic
2013-08-17 21:30:00,27.032845,I-BLEND,Academic
2013-08-17 21:45:00,26.768544,I-BLEND,Academic
2013-08-17 22:00:00,25.863377,I-BLEND,Academic
2013-08-17 22:15:00,26.615120,I-BLEND,Academic
2013-08-17 22:30:00,25.824255,I-BLEND,Academic
2013-08-17 22:45:00,25.415053,I-BLEND,Academic
2013-08-17 23:00:00,26.143901,I-BLEND,Academic
2013-08-17 23:15:00,22.834848,I-BLEND,Academic
2013-08-17 23:30:00,16.929171,I-BLEND,Academic
2013-08-17 23:45:00,15.364908,I-BLEND,Academic
2013-08-18 00:00:00,15.355617,I-BLEND,Academic
2013-08-18 00:15:00,15.363182,I-BLEND,Academic
2013-08-18 00:30:00,15.374675,I-BLEND,Academic
2013-08-18 00:45:00,15.339575,I-BLEND,Academic
2013-08-18 01:00:00,15.199559,I-BLEND,Academic
2013-08-18 01:15:00,15.171587,I-BLEND,Academic
2013-08-18 01:30:00,15.110141,I-BLEND,Academic
2013-08-18 01:45:00,14.971443,I-BLEND,Academic
2013-08-18 02:00:00,14.974023,I-BLEND,Academic
2013-08-18 02:15:00,14.717444,I-BLEND,Academic
2013-08-18 02:30:00,15.328468,I-BLEND,Academic
2013-08-18 02:45:00,15.588950,I-BLEND,Academic
2013-08-18 03:00:00,15.459635,I-BLEND,Academic
2013-08-18 03:15:00,15.508783,I-BLEND,Academic
2013-08-18 03:30:00,15.194194,I-BLEND,Academic
2013-08-18 03:45:00,15.036173,I-BLEND,Academic
2013-08-18 04:00:00,14.845711,I-BLEND,Academic
2013-08-18 04:15:00,14.108713,I-BLEND,Academic
2013-08-18 04:30:00,13.983260,I-BLEND,Academic
2013-08-18 04:45:00,13.876292,I-BLEND,Academic
2013-08-18 05:00:00,13.869208,I-BLEND,Academic
2013-08-18 05:15:00,13.666443,I-BLEND,Academic
2013-08-18 05:30:00,13.701194,I-BLEND,Academic
2013-08-18 05:45:00,13.587056,I-BLEND,Academic
2013-08-18 06:00:00,13.700649,I-BLEND,Academic
2013-08-18 06:15:00,13.693860,I-BLEND,Academic
2013-08-18 06:30:00,11.989468,I-BLEND,Academic
2013-08-18 06:45:00,9.282340,I-BLEND,Academic
2013-08-18 07:00:00,8.492543,I-BLEND,Academic
2013-08-18 07:15:00,7.992074,I-BLEND,Academic
2013-08-18 07:30:00,7.693927,I-BLEND,Academic
2013-08-18 07:45:00,7.617672,I-BLEND,Academic
2013-08-18 08:00:00,7.553930,I-BLEND,Academic
2013-08-18 08:15:00,7.649713,I-BLEND,Academic
2013-08-18 08:30:00,7.639796,I-BLEND,Academic
2013-08-18 08:45:00,7.701647,I-BLEND,Academic
2013-08-18 09:00:00,7.726507,I-BLEND,Academic
2013-08-18 09:15:00,7.936281,I-BLEND,Academic
2013-08-18 09:30:00,7.916150,I-BLEND,Academic
2013-08-18 09:45:00,7.871982,I-BLEND,Academic
2013-08-18 10:00:00,7.988420,I-BLEND,Academic
2013-08-18 10:15:00,8.252177,I-BLEND,Academic
2013-08-18 10:30:00,8.373751,I-BLEND,Academic
2013-08-18 10:45:00,8.185857,I-BLEND,Academic
2013-08-18 11:00:00,8.170467,I-BLEND,Academic
2013-08-18 11:15:00,8.825356,I-BLEND,Academic
2013-08-18 11:30:00,8.862479,I-BLEND,Academic
2013-08-18 11:45:00,8.825035,I-BLEND,Academic
2013-08-18 12:00:00,8.796480,I-BLEND,Academic
2013-08-18 12:15:00,9.280985,I-BLEND,Academic
2013-08-18 12:30:00,9.846421,I-BLEND,Academic
2013-08-18 12:45:00,9.304300,I-BLEND,Academic
2013-08-18 13:00:00,9.140694,I-BLEND,Academic
2013-08-18 13:15:00,8.988499,I-BLEND,Academic
2013-08-18 13:30:00,9.186091,I-BLEND,Academic
2013-08-18 13:45:00,9.290517,I-BLEND,Academic
2013-08-18 14:00:00,9.341302,I-BLEND,Academic
2013-08-18 14:15:00,9.935282,I-BLEND,Academic
2013-08-18 14:30:00,10.284832,I-BLEND,Academic
2013-08-18 14:45:00,10.556859,I-BLEND,Academic
2013-08-18 15:00:00,11.427257,I-BLEND,Academic
2013-08-18 15:15:00,12.056001,I-BLEND,Academic
2013-08-18 15:30:00,11.690054,I-BLEND,Academic
2013-08-18 15:45:00,11.065435,I-BLEND,Academic
2013-08-18 16:00:00,11.209283,I-BLEND,Academic
2013-08-18 16:15:00,10.851068,I-BLEND,Academic
2013-08-18 16:30:00,10.970200,I-BLEND,Academic
2013-08-18 16:45:00,11.211031,I-BLEND,Academic
2013-08-18 17:00:00,11.097310,I-BLEND,Academic
2013-08-18 17:15:00,11.148197,I-BLEND,Academic
2013-08-18 17:30:00,11.397698,I-BLEND,Academic
2013-08-18 17:45:00,11.313909,I-BLEND,Academic
2013-08-18 18:00:00,11.230758,I-BLEND,Academic
2013-08-18 18:15:00,11.818777,I-BLEND,Academic
2013-08-18 18:30:00,14.077239,I-BLEND,Academic
2013-08-18 18:45:00,16.494290,I-BLEND,Academic
2013-08-18 19:00:00,17.781291,I-BLEND,Academic
2013-08-18 19:15:00,17.771787,I-BLEND,Academic
2013-08-18 19:30:00,17.823522,I-BLEND,Academic
2013-08-18 19:45:00,17.606979,I-BLEND,Academic
2013-08-18 20:00:00,20.641935,I-BLEND,Academic
2013-08-18 20:15:00,21.050658,I-BLEND,Academic
2013-08-18 20:30:00,21.100414,I-BLEND,Academic
2013-08-18 20:45:00,21.240284,I-BLEND,Academic
2013-08-18 21:00:00,21.546256,I-BLEND,Academic
2013-08-18 21:15:00,21.560130,I-BLEND,Academic
2013-08-18 21:30:00,21.138452,I-BLEND,Academic
2013-08-18 21:45:00,20.708730,I-BLEND,Academic
2013-08-18 22:00:00,21.237831,I-BLEND,Academic
2013-08-18 22:15:00,21.534850,I-BLEND,Academic
2013-08-18 22:30:00,21.235660,I-BLEND,Academic
2013-08-18 22:45:00,20.947688,I-BLEND,Academic
2013-08-18 23:00:00,21.099406,I-BLEND,Academic
2013-08-18 23:15:00,18.369817,I-BLEND,Academic
2013-08-18 23:30:00,17.908884,I-BLEND,Academic
2013-08-18 23:45:00,18.187927,I-BLEND,Academic
2013-08-19 00:00:00,17.930260,I-BLEND,Academic
2013-08-19 00:15:00,17.413794,I-BLEND,Academic
2013-08-19 00:30:00,17.178695,I-BLEND,Academic
2013-08-19 00:45:00,17.125586,I-BLEND,Academic
2013-08-19 01:00:00,17.137356,I-BLEND,Academic
2013-08-19 01:15:00,16.176760,I-BLEND,Academic
2013-08-19 01:30:00,15.894818,I-BLEND,Academic
2013-08-19 01:45:00,15.942803,I-BLEND,Academic
2013-08-19 02:00:00,15.839864,I-BLEND,Academic
2013-08-19 02:15:00,15.886180,I-BLEND,Academic
2013-08-19 02:30:00,15.827458,I-BLEND,Academic
2013-08-19 02:45:00,15.148984,I-BLEND,Academic
2013-08-19 03:00:00,15.207975,I-BLEND,Academic
2013-08-19 03:15:00,14.941496,I-BLEND,Academic
2013-08-19 03:30:00,14.864069,I-BLEND,Academic
2013-08-19 03:45:00,14.907170,I-BLEND,Academic
2013-08-19 04:00:00,14.926508,I-BLEND,Academic
2013-08-19 04:15:00,15.016856,I-BLEND,Academic
2013-08-19 04:30:00,15.002046,I-BLEND,Academic
2013-08-19 04:45:00,14.955269,I-BLEND,Academic
2013-08-19 05:00:00,14.856408,I-BLEND,Academic
2013-08-19 05:15:00,14.873949,I-BLEND,Academic
2013-08-19 05:30:00,14.834376,I-BLEND,Academic
2013-08-19 05:45:00,13.139520,I-BLEND,Academic
2013-08-19 06:00:00,8.237905,I-BLEND,Academic
2013-08-19 06:15:00,8.020077,I-BLEND,Academic
2013-08-19 06:30:00,8.648160,I-BLEND,Academic
2013-08-19 06:45:00,20.894477,I-BLEND,Academic
2013-08-19 07:00:00,28.121979,I-BLEND,Academic
2013-08-19 07:15:00,31.541370,I-BLEND,Academic
2013-08-19 07:30:00,31.755799,I-BLEND,Academic
2013-08-19 07:45:00,34.722586,I-BLEND,Academic
2013-08-19 08:00:00,38.275178,I-BLEND,Academic
2013-08-19 08:15:00,40.115213,I-BLEND,Academic
2013-08-19 08:30:00,40.974127,I-BLEND,Academic
2013-08-19 08:45:00,44.215315,I-BLEND,Academic
2013-08-19 09:00:00,47.649907,I-BLEND,Academic
2013-08-19 09:15:00,47.981097,I-BLEND,Academic
2013-08-19 09:30:00,47.972012,I-BLEND,Academic
2013-08-19 09:45:00,50.210802,I-BLEND,Academic
2013-08-19 10:00:00,52.655412,I-BLEND,Academic
2013-08-19 10:15:00,53.733422,I-BLEND,Academic
2013-08-19 10:30:00,53.073326,I-BLEND,Academic
2013-08-19 10:45:00,55.328058,I-BLEND,Academic
2013-08-19 11:00:00,55.992252,I-BLEND,Academic
2013-08-19 11:15:00,56.857553,I-BLEND,Academic
2013-08-19 11:30:00,57.563990,I-BLEND,Academic
2013-08-19 11:45:00,58.289163,I-BLEND,Academic
2013-08-19 12:00:00,56.140148,I-BLEND,Academic
2013-08-19 12:15:00,55.351793,I-BLEND,Academic
2013-08-19 12:30:00,54.807468,I-BLEND,Academic
2013-08-19 12:45:00,54.849187,I-BLEND,Academic
2013-08-19 13:00:00,52.440459,I-BLEND,Academic
2013-08-19 13:15:00,51.023447,I-BLEND,Academic
2013-08-19 13:30:00,50.757494,I-BLEND,Academic
2013-08-19 13:45:00,50.866001,I-BLEND,Academic
2013-08-19 14:00:00,49.791751,I-BLEND,Academic
2013-08-19 14:15:00,49.667987,I-BLEND,Academic
2013-08-19 14:30:00,49.095454,I-BLEND,Academic
2013-08-19 14:45:00,49.815268,I-BLEND,Academic
2013-08-19 15:00:00,51.278673,I-BLEND,Academic
2013-08-19 15:15:00,52.525574,I-BLEND,Academic
2013-08-19 15:30:00,55.645058,I-BLEND,Academic
2013-08-19 15:45:00,55.578844,I-BLEND,Academic
2013-08-19 16:00:00,56.531093,I-BLEND,Academic
2013-08-19 16:15:00,55.004681,I-BLEND,Academic
2013-08-19 16:30:00,54.702778,I-BLEND,Academic
2013-08-19 16:45:00,55.038951,I-BLEND,Academic
2013-08-19 17:00:00,53.249686,I-BLEND,Academic
2013-08-19 17:15:00,52.936513,I-BLEND,Academic
2013-08-19 17:30:00,48.970610,I-BLEND,Academic
2013-08-19 17:45:00,42.152481,I-BLEND,Academic
2013-08-19 18:00:00,40.757693,I-BLEND,Academic
2013-08-19 18:15:00,40.783497,I-BLEND,Academic
2013-08-19 18:30:00,38.992730,I-BLEND,Academic
2013-08-19 18:45:00,38.424867,I-BLEND,Academic
2013-08-19 19:00:00,42.343141,I-BLEND,Academic
2013-08-19 19:15:00,40.708256,I-BLEND,Academic
2013-08-19 19:30:00,40.221644,I-BLEND,Academic
2013-08-19 19:45:00,39.708459,I-BLEND,Academic
2013-08-19 20:00:00,40.125749,I-BLEND,Academic
2013-08-19 20:15:00,38.764680,I-BLEND,Academic
2013-08-19 20:30:00,39.080514,I-BLEND,Academic
2013-08-19 20:45:00,36.371036,I-BLEND,Academic
2013-08-19 21:00:00,35.390705,I-BLEND,Academic
2013-08-19 21:15:00,34.677064,I-BLEND,Academic
2013-08-19 21:30:00,34.264622,I-BLEND,Academic
2013-08-19 21:45:00,35.004306,I-BLEND,Academic
2013-08-19 22:00:00,35.134047,I-BLEND,Academic
2013-08-19 22:15:00,35.387867,I-BLEND,Academic
2013-08-19 22:30:00,34.036576,I-BLEND,Academic
2013-08-19 22:45:00,34.621282,I-BLEND,Academic
2013-08-19 23:00:00,34.663455,I-BLEND,Academic
2013-08-19 23:15:00,33.859748,I-BLEND,Academic
2013-08-19 23:30:00,32.858008,I-BLEND,Academic
2013-08-19 23:45:00,32.973945,I-BLEND,Academic
2013-08-20 00:00:00,32.767078,I-BLEND,Academic
2013-08-20 00:15:00,24.395477,I-BLEND,Academic
2013-08-20 00:30:00,17.135869,I-BLEND,Academic
2013-08-20 00:45:00,17.133809,I-BLEND,Academic
2013-08-20 01:00:00,16.988233,I-BLEND,Academic
2013-08-20 01:15:00,16.820067,I-BLEND,Academic
2013-08-20 01:30:00,16.894859,I-BLEND,Academic
2013-08-20 01:45:00,16.628562,I-BLEND,Academic
2013-08-20 02:00:00,16.177546,I-BLEND,Academic
2013-08-20 02:15:00,15.464442,I-BLEND,Academic
2013-08-20 02:30:00,15.740916,I-BLEND,Academic
2013-08-20 02:45:00,15.646939,I-BLEND,Academic
2013-08-20 03:00:00,15.778316,I-BLEND,Academic
2013-08-20 03:15:00,15.739135,I-BLEND,Academic
2013-08-20 03:30:00,15.764820,I-BLEND,Academic
2013-08-20 03:45:00,15.463250,I-BLEND,Academic
2013-08-20 04:00:00,15.725808,I-BLEND,Academic
2013-08-20 04:15:00,15.647451,I-BLEND,Academic
2013-08-20 04:30:00,15.546147,I-BLEND,Academic
2013-08-20 04:45:00,15.501425,I-BLEND,Academic
2013-08-20 05:00:00,15.605301,I-BLEND,Academic
2013-08-20 05:15:00,15.049564,I-BLEND,Academic
2013-08-20 05:30:00,15.100129,I-BLEND,Academic
2013-08-20 05:45:00,11.263380,I-BLEND,Academic
2013-08-20 06:00:00,8.163185,I-BLEND,Academic
2013-08-20 06:15:00,8.764307,I-BLEND,Academic
2013-08-20 06:30:00,8.810907,I-BLEND,Academic
2013-08-20 06:45:00,9.053365,I-BLEND,Academic
2013-08-20 07:00:00,9.339681,I-BLEND,Academic
2013-08-20 07:15:00,9.720815,I-BLEND,Academic
2013-08-20 07:30:00,9.373787,I-BLEND,Academic
2013-08-20 07:45:00,10.142345,I-BLEND,Academic
2013-08-20 08:00:00,10.253364,I-BLEND,Academic
2013-08-20 08:15:00,9.920374,I-BLEND,Academic
2013-08-20 08:30:00,9.645258,I-BLEND,Academic
2013-08-20 08:45:00,10.294107,I-BLEND,Academic
2013-08-20 09:00:00,11.965019,I-BLEND,Academic
2013-08-20 09:15:00,14.264368,I-BLEND,Academic
2013-08-20 09:30:00,13.641721,I-BLEND,Academic
2013-08-20 09:45:00,14.729903,I-BLEND,Academic
2013-08-20 10:00:00,15.133635,I-BLEND,Academic
2013-08-20 10:15:00,15.970257,I-BLEND,Academic
2013-08-20 10:30:00,16.252142,I-BLEND,Academic
2013-08-20 10:45:00,17.713367,I-BLEND,Academic
2013-08-20 11:00:00,22.559543,I-BLEND,Academic
2013-08-20 11:15:00,27.214082,I-BLEND,Academic
2013-08-20 11:30:00,28.354934,I-BLEND,Academic
2013-08-20 11:45:00,28.162432,I-BLEND,Academic
2013-08-20 12:00:00,28.691549,I-BLEND,Academic
2013-08-20 12:15:00,28.542900,I-BLEND,Academic
2013-08-20 12:30:00,30.261886,I-BLEND,Academic
2013-08-20 12:45:00,28.417878,I-BLEND,Academic
2013-08-20 13:00:00,28.348747,I-BLEND,Academic
2013-08-20 13:15:00,27.898145,I-BLEND,Academic
2013-08-20 13:30:00,28.139600,I-BLEND,Academic
2013-08-20 13:45:00,28.100196,I-BLEND,Academic
2013-08-20 14:00:00,28.758636,I-BLEND,Academic
2013-08-20 14:15:00,31.250617,I-BLEND,Academic
2013-08-20 14:30:00,31.069970,I-BLEND,Academic
2013-08-20 14:45:00,31.193740,I-BLEND,Academic
2013-08-20 15:00:00,30.701014,I-BLEND,Academic
2013-08-20 15:15:00,29.545027,I-BLEND,Academic
2013-08-20 15:30:00,26.483770,I-BLEND,Academic
2013-08-20 15:45:00,27.775331,I-BLEND,Academic
2013-08-20 16:00:00,28.040361,I-BLEND,Academic
2013-08-20 16:15:00,28.053092,I-BLEND,Academic
2013-08-20 16:30:00,26.929207,I-BLEND,Academic
2013-08-20 16:45:00,25.875997,I-BLEND,Academic
2013-08-20 17:00:00,23.927453,I-BLEND,Academic
2013-08-20 17:15:00,22.952607,I-BLEND,Academic
2013-08-20 17:30:00,23.277196,I-BLEND,Academic
2013-08-20 17:45:00,22.738443,I-BLEND,Academic
2013-08-20 18:00:00,21.337467,I-BLEND,Academic
2013-08-20 18:15:00,20.157955,I-BLEND,Academic
2013-08-20 18:30:00,16.667246,I-BLEND,Academic
2013-08-20 18:45:00,15.541976,I-BLEND,Academic
2013-08-20 19:00:00,16.583794,I-BLEND,Academic
2013-08-20 19:15:00,20.843721,I-BLEND,Academic
2013-08-20 19:30:00,19.915075,I-BLEND,Academic
2013-08-20 19:45:00,22.076066,I-BLEND,Academic
2013-08-20 20:00:00,22.306103,I-BLEND,Academic
2013-08-20 20:15:00,22.409649,I-BLEND,Academic
2013-08-20 20:30:00,22.704020,I-BLEND,Academic
2013-08-20 20:45:00,22.299268,I-BLEND,Academic
2013-08-20 21:00:00,21.990611,I-BLEND,Academic
2013-08-20 21:15:00,21.617860,I-BLEND,Academic
2013-08-20 21:30:00,21.512209,I-BLEND,Academic
2013-08-20 21:45:00,21.395914,I-BLEND,Academic
2013-08-20 22:00:00,17.829610,I-BLEND,Academic
2013-08-20 22:15:00,17.472088,I-BLEND,Academic
2013-08-20 22:30:00,17.731660,I-BLEND,Academic
2013-08-20 22:45:00,17.376694,I-BLEND,Academic
2013-08-20 23:00:00,17.145729,I-BLEND,Academic
2013-08-20 23:15:00,16.381193,I-BLEND,Academic
2013-08-20 23:30:00,15.914644,I-BLEND,Academic
2013-08-20 23:45:00,16.130251,I-BLEND,Academic
2013-08-21 00:00:00,15.932786,I-BLEND,Academic
2013-08-21 00:15:00,15.876559,I-BLEND,Academic
2013-08-21 00:30:00,15.877376,I-BLEND,Academic
2013-08-21 00:45:00,15.648743,I-BLEND,Academic
2013-08-21 01:00:00,15.977081,I-BLEND,Academic
2013-08-21 01:15:00,16.151527,I-BLEND,Academic
2013-08-21 01:30:00,16.000018,I-BLEND,Academic
2013-08-21 01:45:00,15.749823,I-BLEND,Academic
2013-08-21 02:00:00,15.650380,I-BLEND,Academic
2013-08-21 02:15:00,15.548822,I-BLEND,Academic
2013-08-21 02:30:00,15.460723,I-BLEND,Academic
2013-08-21 02:45:00,15.402371,I-BLEND,Academic
2013-08-21 03:00:00,15.518489,I-BLEND,Academic
2013-08-21 03:15:00,15.580989,I-BLEND,Academic
2013-08-21 03:30:00,15.557792,I-BLEND,Academic
2013-08-21 03:45:00,15.440261,I-BLEND,Academic
2013-08-21 04:00:00,15.469040,I-BLEND,Academic
2013-08-21 04:15:00,15.674967,I-BLEND,Academic
2013-08-21 04:30:00,15.253845,I-BLEND,Academic
2013-08-21 04:45:00,14.786076,I-BLEND,Academic
2013-08-21 05:00:00,14.747413,I-BLEND,Academic
2013-08-21 05:15:00,14.691823,I-BLEND,Academic
2013-08-21 05:30:00,14.644971,I-BLEND,Academic
2013-08-21 05:45:00,14.569972,I-BLEND,Academic
2013-08-21 06:00:00,14.861188,I-BLEND,Academic
2013-08-21 06:15:00,12.456702,I-BLEND,Academic
2013-08-21 06:30:00,18.190423,I-BLEND,Academic
2013-08-21 06:45:00,24.252028,I-BLEND,Academic
2013-08-21 07:00:00,30.314111,I-BLEND,Academic
2013-08-21 07:15:00,30.456556,I-BLEND,Academic
2013-08-21 07:30:00,30.908429,I-BLEND,Academic
2013-08-21 07:45:00,31.999640,I-BLEND,Academic
2013-08-21 08:00:00,30.946495,I-BLEND,Academic
2013-08-21 08:15:00,30.953903,I-BLEND,Academic
2013-08-21 08:30:00,34.335873,I-BLEND,Academic
2013-08-21 08:45:00,38.054492,I-BLEND,Academic
2013-08-21 09:00:00,40.923431,I-BLEND,Academic
2013-08-21 09:15:00,42.170555,I-BLEND,Academic
2013-08-21 09:30:00,44.235068,I-BLEND,Academic
2013-08-21 09:45:00,48.949853,I-BLEND,Academic
2013-08-21 10:00:00,51.928903,I-BLEND,Academic
2013-08-21 10:15:00,51.402985,I-BLEND,Academic
2013-08-21 10:30:00,50.332362,I-BLEND,Academic
2013-08-21 10:45:00,49.807714,I-BLEND,Academic
2013-08-21 11:00:00,52.910549,I-BLEND,Academic
2013-08-21 11:15:00,54.477342,I-BLEND,Academic
2013-08-21 11:30:00,56.227194,I-BLEND,Academic
2013-08-21 11:45:00,55.513592,I-BLEND,Academic
2013-08-21 12:00:00,55.326307,I-BLEND,Academic
2013-08-21 12:15:00,52.197235,I-BLEND,Academic
2013-08-21 12:30:00,51.890266,I-BLEND,Academic
2013-08-21 12:45:00,50.920036,I-BLEND,Academic
2013-08-21 13:00:00,48.393878,I-BLEND,Academic
2013-08-21 13:15:00,47.194315,I-BLEND,Academic
2013-08-21 13:30:00,48.529463,I-BLEND,Academic
2013-08-21 13:45:00,47.577895,I-BLEND,Academic
2013-08-21 14:00:00,48.082362,I-BLEND,Academic
2013-08-21 14:15:00,48.610963,I-BLEND,Academic
2013-08-21 14:30:00,50.765454,I-BLEND,Academic
2013-08-21 14:45:00,50.554980,I-BLEND,Academic
2013-08-21 15:00:00,50.800711,I-BLEND,Academic
2013-08-21 15:15:00,53.108812,I-BLEND,Academic
2013-08-21 15:30:00,53.402403,I-BLEND,Academic
2013-08-21 15:45:00,53.662063,I-BLEND,Academic
2013-08-21 16:00:00,51.557863,I-BLEND,Academic
2013-08-21 16:15:00,50.588626,I-BLEND,Academic
2013-08-21 16:30:00,50.263704,I-BLEND,Academic
2013-08-21 16:45:00,49.763238,I-BLEND,Academic
2013-08-21 17:00:00,45.678603,I-BLEND,Academic
2013-08-21 17:15:00,42.878609,I-BLEND,Academic
2013-08-21 17:30:00,37.513759,I-BLEND,Academic
2013-08-21 17:45:00,32.813720,I-BLEND,Academic
2013-08-21 18:00:00,30.313337,I-BLEND,Academic
2013-08-21 18:15:00,29.850748,I-BLEND,Academic
2013-08-21 18:30:00,31.986057,I-BLEND,Academic
2013-08-21 18:45:00,33.176240,I-BLEND,Academic
2013-08-21 19:00:00,32.388925,I-BLEND,Academic
2013-08-21 19:15:00,34.777449,I-BLEND,Academic
2013-08-21 19:30:00,35.136489,I-BLEND,Academic
2013-08-21 19:45:00,37.025972,I-BLEND,Academic
2013-08-21 20:00:00,36.169185,I-BLEND,Academic
2013-08-21 20:15:00,35.410082,I-BLEND,Academic
2013-08-21 20:30:00,33.560373,I-BLEND,Academic
2013-08-21 20:45:00,30.264000,I-BLEND,Academic
2013-08-21 21:00:00,30.988663,I-BLEND,Academic
2013-08-21 21:15:00,30.919580,I-BLEND,Academic
2013-08-21 21:30:00,30.595952,I-BLEND,Academic
2013-08-21 21:45:00,30.806456,I-BLEND,Academic
2013-08-21 22:00:00,31.131263,I-BLEND,Academic
2013-08-21 22:15:00,31.031510,I-BLEND,Academic
2013-08-21 22:30:00,31.264795,I-BLEND,Academic
2013-08-21 22:45:00,30.688309,I-BLEND,Academic
2013-08-21 23:00:00,30.655304,I-BLEND,Academic
2013-08-21 23:15:00,31.244011,I-BLEND,Academic
2013-08-21 23:30:00,30.885738,I-BLEND,Academic
2013-08-21 23:45:00,31.113504,I-BLEND,Academic
2013-08-22 00:00:00,31.160541,I-BLEND,Academic
2013-08-22 00:15:00,21.008568,I-BLEND,Academic
2013-08-22 00:30:00,18.695321,I-BLEND,Academic
2013-08-22 00:45:00,18.318734,I-BLEND,Academic
2013-08-22 01:00:00,17.890434,I-BLEND,Academic
2013-08-22 01:15:00,18.153031,I-BLEND,Academic
2013-08-22 01:30:00,17.671131,I-BLEND,Academic
2013-08-22 01:45:00,17.510377,I-BLEND,Academic
2013-08-22 02:00:00,17.155272,I-BLEND,Academic
2013-08-22 02:15:00,17.131167,I-BLEND,Academic
2013-08-22 02:30:00,16.581148,I-BLEND,Academic
2013-08-22 02:45:00,16.013699,I-BLEND,Academic
2013-08-22 03:00:00,15.750169,I-BLEND,Academic
2013-08-22 03:15:00,15.763088,I-BLEND,Academic
2013-08-22 03:30:00,15.315184,I-BLEND,Academic
2013-08-22 03:45:00,15.401093,I-BLEND,Academic
2013-08-22 04:00:00,15.299831,I-BLEND,Academic
2013-08-22 04:15:00,15.351165,I-BLEND,Academic
2013-08-22 04:30:00,15.354083,I-BLEND,Academic
2013-08-22 04:45:00,15.241744,I-BLEND,Academic
2013-08-22 05:00:00,15.339992,I-BLEND,Academic
2013-08-22 05:15:00,15.102110,I-BLEND,Academic
2013-08-22 05:30:00,14.973435,I-BLEND,Academic
2013-08-22 05:45:00,14.213931,I-BLEND,Academic
2013-08-22 06:00:00,9.146459,I-BLEND,Academic
2013-08-22 06:15:00,8.786705,I-BLEND,Academic
2013-08-22 06:30:00,8.727733,I-BLEND,Academic
2013-08-22 06:45:00,8.679247,I-BLEND,Academic
2013-08-22 07:00:00,17.511760,I-BLEND,Academic
2013-08-22 07:15:00,30.017296,I-BLEND,Academic
2013-08-22 07:30:00,32.422662,I-BLEND,Academic
2013-08-22 07:45:00,35.596382,I-BLEND,Academic
2013-08-22 08:00:00,36.943281,I-BLEND,Academic
2013-08-22 08:15:00,37.837124,I-BLEND,Academic
2013-08-22 08:30:00,41.248301,I-BLEND,Academic
2013-08-22 08:45:00,43.547977,I-BLEND,Academic
2013-08-22 09:00:00,45.905393,I-BLEND,Academic
2013-08-22 09:15:00,46.606474,I-BLEND,Academic
2013-08-22 09:30:00,46.048351,I-BLEND,Academic
2013-08-22 09:45:00,48.810251,I-BLEND,Academic
2013-08-22 10:00:00,51.418199,I-BLEND,Academic
2013-08-22 10:15:00,51.887473,I-BLEND,Academic
2013-08-22 10:30:00,50.772041,I-BLEND,Academic
2013-08-22 10:45:00,52.798529,I-BLEND,Academic
2013-08-22 11:00:00,55.293256,I-BLEND,Academic
2013-08-22 11:15:00,55.146852,I-BLEND,Academic
2013-08-22 11:30:00,54.638512,I-BLEND,Academic
2013-08-22 11:45:00,54.516077,I-BLEND,Academic
2013-08-22 12:00:00,54.803382,I-BLEND,Academic
2013-08-22 12:15:00,52.321976,I-BLEND,Academic
2013-08-22 12:30:00,53.539907,I-BLEND,Academic
2013-08-22 12:45:00,50.560496,I-BLEND,Academic
2013-08-22 13:00:00,49.843412,I-BLEND,Academic
2013-08-22 13:15:00,49.616214,I-BLEND,Academic
2013-08-22 13:30:00,46.566619,I-BLEND,Academic
2013-08-22 13:45:00,49.217550,I-BLEND,Academic
2013-08-22 14:00:00,51.898935,I-BLEND,Academic
2013-08-22 14:15:00,52.250001,I-BLEND,Academic
2013-08-22 14:30:00,51.814564,I-BLEND,Academic
2013-08-22 14:45:00,51.344374,I-BLEND,Academic
2013-08-22 15:00:00,52.251073,I-BLEND,Academic
2013-08-22 15:15:00,55.119876,I-BLEND,Academic
2013-08-22 15:30:00,58.350608,I-BLEND,Academic
2013-08-22 15:45:00,60.410760,I-BLEND,Academic
2013-08-22 16:00:00,60.115759,I-BLEND,Academic
2013-08-22 16:15:00,58.479104,I-BLEND,Academic
2013-08-22 16:30:00,57.133478,I-BLEND,Academic
2013-08-22 16:45:00,57.891069,I-BLEND,Academic
2013-08-22 17:00:00,54.643173,I-BLEND,Academic
2013-08-22 17:15:00,51.811163,I-BLEND,Academic
2013-08-22 17:30:00,50.808585,I-BLEND,Academic
2013-08-22 17:45:00,48.698052,I-BLEND,Academic
2013-08-22 18:00:00,42.342430,I-BLEND,Academic
2013-08-22 18:15:00,35.704658,I-BLEND,Academic
2013-08-22 18:30:00,34.652432,I-BLEND,Academic
2013-08-22 18:45:00,34.289364,I-BLEND,Academic
2013-08-22 19:00:00,33.173412,I-BLEND,Academic
2013-08-22 19:15:00,33.559744,I-BLEND,Academic
2013-08-22 19:30:00,32.327997,I-BLEND,Academic
2013-08-22 19:45:00,32.689684,I-BLEND,Academic
2013-08-22 20:00:00,32.592151,I-BLEND,Academic
2013-08-22 20:15:00,33.765401,I-BLEND,Academic
2013-08-22 20:30:00,34.025974,I-BLEND,Academic
2013-08-22 20:45:00,33.968936,I-BLEND,Academic
2013-08-22 21:00:00,34.057563,I-BLEND,Academic
2013-08-22 21:15:00,34.049316,I-BLEND,Academic
2013-08-22 21:30:00,34.609874,I-BLEND,Academic
2013-08-22 21:45:00,37.612539,I-BLEND,Academic
2013-08-22 22:00:00,35.900499,I-BLEND,Academic
2013-08-22 22:15:00,36.022101,I-BLEND,Academic
2013-08-22 22:30:00,35.006154,I-BLEND,Academic
2013-08-22 22:45:00,32.422744,I-BLEND,Academic
2013-08-22 23:00:00,32.315947,I-BLEND,Academic
2013-08-22 23:15:00,28.101818,I-BLEND,Academic
2013-08-22 23:30:00,22.329546,I-BLEND,Academic
2013-08-22 23:45:00,22.169959,I-BLEND,Academic
2013-08-23 00:00:00,22.362448,I-BLEND,Academic
2013-08-23 00:15:00,21.327239,I-BLEND,Academic
2013-08-23 00:30:00,20.841604,I-BLEND,Academic
2013-08-23 00:45:00,20.446545,I-BLEND,Academic
2013-08-23 01:00:00,20.515249,I-BLEND,Academic
2013-08-23 01:15:00,20.085795,I-BLEND,Academic
2013-08-23 01:30:00,20.032800,I-BLEND,Academic
2013-08-23 01:45:00,19.890181,I-BLEND,Academic
2013-08-23 02:00:00,20.040567,I-BLEND,Academic
2013-08-23 02:15:00,20.210324,I-BLEND,Academic
2013-08-23 02:30:00,20.293978,I-BLEND,Academic
2013-08-23 02:45:00,20.322256,I-BLEND,Academic
2013-08-23 03:00:00,20.238673,I-BLEND,Academic
2013-08-23 03:15:00,19.430538,I-BLEND,Academic
2013-08-23 03:30:00,19.258937,I-BLEND,Academic
2013-08-23 03:45:00,18.209653,I-BLEND,Academic
2013-08-23 04:00:00,18.716677,I-BLEND,Academic
2013-08-23 04:15:00,18.319604,I-BLEND,Academic
2013-08-23 04:30:00,17.990701,I-BLEND,Academic
2013-08-23 04:45:00,18.004019,I-BLEND,Academic
2013-08-23 05:00:00,17.990071,I-BLEND,Academic
2013-08-23 05:15:00,17.872842,I-BLEND,Academic
2013-08-23 05:30:00,17.939047,I-BLEND,Academic
2013-08-23 05:45:00,17.477859,I-BLEND,Academic
2013-08-23 06:00:00,12.816040,I-BLEND,Academic
2013-08-23 06:15:00,11.449851,I-BLEND,Academic
2013-08-23 06:30:00,11.438145,I-BLEND,Academic
2013-08-23 06:45:00,11.326766,I-BLEND,Academic
2013-08-23 07:00:00,12.810942,I-BLEND,Academic
2013-08-23 07:15:00,21.389361,I-BLEND,Academic
2013-08-23 07:30:00,26.783678,I-BLEND,Academic
2013-08-23 07:45:00,30.339080,I-BLEND,Academic
2013-08-23 08:00:00,32.747786,I-BLEND,Academic
2013-08-23 08:15:00,33.042536,I-BLEND,Academic
2013-08-23 08:30:00,36.915934,I-BLEND,Academic
2013-08-23 08:45:00,40.536381,I-BLEND,Academic
2013-08-23 09:00:00,42.911248,I-BLEND,Academic
2013-08-23 09:15:00,43.701560,I-BLEND,Academic
2013-08-23 09:30:00,46.473215,I-BLEND,Academic
2013-08-23 09:45:00,48.219046,I-BLEND,Academic
2013-08-23 10:00:00,48.989510,I-BLEND,Academic
2013-08-23 10:15:00,50.377336,I-BLEND,Academic
2013-08-23 10:30:00,50.671791,I-BLEND,Academic
2013-08-23 10:45:00,51.826191,I-BLEND,Academic
2013-08-23 11:00:00,52.616470,I-BLEND,Academic
2013-08-23 11:15:00,53.869847,I-BLEND,Academic
2013-08-23 11:30:00,52.546282,I-BLEND,Academic
2013-08-23 11:45:00,52.054642,I-BLEND,Academic
2013-08-23 12:00:00,50.770338,I-BLEND,Academic
2013-08-23 12:15:00,47.846968,I-BLEND,Academic
2013-08-23 12:30:00,46.006891,I-BLEND,Academic
2013-08-23 12:45:00,45.426504,I-BLEND,Academic
2013-08-23 13:00:00,45.411058,I-BLEND,Academic
2013-08-23 13:15:00,44.918691,I-BLEND,Academic
2013-08-23 13:30:00,50.370925,I-BLEND,Academic
2013-08-23 13:45:00,52.145130,I-BLEND,Academic
2013-08-23 14:00:00,55.077499,I-BLEND,Academic
2013-08-23 14:15:00,54.903385,I-BLEND,Academic
2013-08-23 14:30:00,54.750394,I-BLEND,Academic
2013-08-23 14:45:00,53.696203,I-BLEND,Academic
2013-08-23 15:00:00,52.413902,I-BLEND,Academic
2013-08-23 15:15:00,51.959914,I-BLEND,Academic
2013-08-23 15:30:00,50.856385,I-BLEND,Academic
2013-08-23 15:45:00,50.951521,I-BLEND,Academic
2013-08-23 16:00:00,52.695678,I-BLEND,Academic
2013-08-23 16:15:00,56.168300,I-BLEND,Academic
2013-08-23 16:30:00,56.823173,I-BLEND,Academic
2013-08-23 16:45:00,55.564838,I-BLEND,Academic
2013-08-23 17:00:00,53.089694,I-BLEND,Academic
2013-08-23 17:15:00,49.268195,I-BLEND,Academic
2013-08-23 17:30:00,47.867018,I-BLEND,Academic
2013-08-23 17:45:00,48.235808,I-BLEND,Academic
2013-08-23 18:00:00,44.242671,I-BLEND,Academic
2013-08-23 18:15:00,41.436546,I-BLEND,Academic
2013-08-23 18:30:00,41.699597,I-BLEND,Academic
2013-08-23 18:45:00,40.734938,I-BLEND,Academic
2013-08-23 19:00:00,42.777149,I-BLEND,Academic
2013-08-23 19:15:00,43.872596,I-BLEND,Academic
2013-08-23 19:30:00,43.100303,I-BLEND,Academic
2013-08-23 19:45:00,41.868205,I-BLEND,Academic
2013-08-23 20:00:00,42.015966,I-BLEND,Academic
2013-08-23 20:15:00,41.976030,I-BLEND,Academic
2013-08-23 20:30:00,42.317480,I-BLEND,Academic
2013-08-23 20:45:00,41.391308,I-BLEND,Academic
2013-08-23 21:00:00,37.271578,I-BLEND,Academic
2013-08-23 21:15:00,38.059988,I-BLEND,Academic
2013-08-23 21:30:00,37.571149,I-BLEND,Academic
2013-08-23 21:45:00,37.809959,I-BLEND,Academic
2013-08-23 22:00:00,37.349414,I-BLEND,Academic
2013-08-23 22:15:00,37.710878,I-BLEND,Academic
2013-08-23 22:30:00,38.432344,I-BLEND,Academic
2013-08-23 22:45:00,36.660938,I-BLEND,Academic
2013-08-23 23:00:00,36.581375,I-BLEND,Academic
2013-08-23 23:15:00,35.890849,I-BLEND,Academic
2013-08-23 23:30:00,35.275405,I-BLEND,Academic
2013-08-23 23:45:00,34.240026,I-BLEND,Academic
2013-08-24 00:00:00,16.749040,I-BLEND,Academic
2013-08-24 00:15:00,16.380879,I-BLEND,Academic
2013-08-24 00:30:00,16.019820,I-BLEND,Academic
2013-08-24 00:45:00,15.996554,I-BLEND,Academic
2013-08-24 01:00:00,15.557978,I-BLEND,Academic
2013-08-24 01:15:00,15.017375,I-BLEND,Academic
2013-08-24 01:30:00,14.516096,I-BLEND,Academic
2013-08-24 01:45:00,14.342880,I-BLEND,Academic
2013-08-24 02:00:00,14.313575,I-BLEND,Academic
2013-08-24 02:15:00,13.832114,I-BLEND,Academic
2013-08-24 02:30:00,14.528897,I-BLEND,Academic
2013-08-24 02:45:00,14.153193,I-BLEND,Academic
2013-08-24 03:00:00,13.849357,I-BLEND,Academic
2013-08-24 03:15:00,14.006979,I-BLEND,Academic
2013-08-24 03:30:00,13.802946,I-BLEND,Academic
2013-08-24 03:45:00,13.500023,I-BLEND,Academic
2013-08-24 04:00:00,13.564146,I-BLEND,Academic
2013-08-24 04:15:00,13.246489,I-BLEND,Academic
2013-08-24 04:30:00,13.170838,I-BLEND,Academic
2013-08-24 04:45:00,13.459639,I-BLEND,Academic
2013-08-24 05:00:00,13.407186,I-BLEND,Academic
2013-08-24 05:15:00,12.991361,I-BLEND,Academic
2013-08-24 05:30:00,12.978019,I-BLEND,Academic
2013-08-24 05:45:00,12.371848,I-BLEND,Academic
2013-08-24 06:00:00,9.480323,I-BLEND,Academic
2013-08-24 06:15:00,9.089509,I-BLEND,Academic
2013-08-24 06:30:00,9.025004,I-BLEND,Academic
2013-08-24 06:45:00,8.950427,I-BLEND,Academic
2013-08-24 07:00:00,8.808179,I-BLEND,Academic
2013-08-24 07:15:00,9.178105,I-BLEND,Academic
2013-08-24 07:30:00,9.269100,I-BLEND,Academic
2013-08-24 07:45:00,10.241059,I-BLEND,Academic
2013-08-24 08:00:00,12.105199,I-BLEND,Academic
2013-08-24 08:15:00,14.134026,I-BLEND,Academic
2013-08-24 08:30:00,13.940257,I-BLEND,Academic
2013-08-24 08:45:00,16.850941,I-BLEND,Academic
2013-08-24 09:00:00,16.728032,I-BLEND,Academic
2013-08-24 09:15:00,19.219778,I-BLEND,Academic
2013-08-24 09:30:00,19.723964,I-BLEND,Academic
2013-08-24 09:45:00,25.932191,I-BLEND,Academic
2013-08-24 10:00:00,31.679062,I-BLEND,Academic
2013-08-24 10:15:00,43.998809,I-BLEND,Academic
2013-08-24 10:30:00,47.176651,I-BLEND,Academic
2013-08-24 10:45:00,47.535875,I-BLEND,Academic
2013-08-24 11:00:00,46.060604,I-BLEND,Academic
2013-08-24 11:15:00,50.093797,I-BLEND,Academic
2013-08-24 11:30:00,47.039851,I-BLEND,Academic
2013-08-24 11:45:00,45.805744,I-BLEND,Academic
2013-08-24 12:00:00,44.381836,I-BLEND,Academic
2013-08-24 12:15:00,47.777755,I-BLEND,Academic
2013-08-24 12:30:00,46.617590,I-BLEND,Academic
2013-08-24 12:45:00,46.007374,I-BLEND,Academic
2013-08-24 13:00:00,44.650959,I-BLEND,Academic
2013-08-24 13:15:00,43.413602,I-BLEND,Academic
2013-08-24 13:30:00,41.246515,I-BLEND,Academic
2013-08-24 13:45:00,42.191652,I-BLEND,Academic
2013-08-24 14:00:00,41.706089,I-BLEND,Academic
2013-08-24 14:15:00,41.494673,I-BLEND,Academic
2013-08-24 14:30:00,42.572088,I-BLEND,Academic
2013-08-24 14:45:00,40.171876,I-BLEND,Academic
2013-08-24 15:00:00,38.623822,I-BLEND,Academic
2013-08-24 15:15:00,39.207418,I-BLEND,Academic
2013-08-24 15:30:00,40.758317,I-BLEND,Academic
2013-08-24 15:45:00,39.555887,I-BLEND,Academic
2013-08-24 16:00:00,37.455831,I-BLEND,Academic
2013-08-24 16:15:00,41.610601,I-BLEND,Academic
2013-08-24 16:30:00,42.422635,I-BLEND,Academic
2013-08-24 16:45:00,41.320487,I-BLEND,Academic
2013-08-24 17:00:00,39.229479,I-BLEND,Academic
2013-08-24 17:15:00,38.444170,I-BLEND,Academic
2013-08-24 17:30:00,35.707682,I-BLEND,Academic
2013-08-24 17:45:00,32.700612,I-BLEND,Academic
2013-08-24 18:00:00,29.489242,I-BLEND,Academic
2013-08-24 18:15:00,28.566858,I-BLEND,Academic
2013-08-24 18:30:00,29.375984,I-BLEND,Academic
2013-08-24 18:45:00,26.141944,I-BLEND,Academic
2013-08-24 19:00:00,27.069762,I-BLEND,Academic
2013-08-24 19:15:00,27.556618,I-BLEND,Academic
2013-08-24 19:30:00,28.094560,I-BLEND,Academic
2013-08-24 19:45:00,23.696982,I-BLEND,Academic
2013-08-24 20:00:00,23.650199,I-BLEND,Academic
2013-08-24 20:15:00,23.899919,I-BLEND,Academic
2013-08-24 20:30:00,23.650826,I-BLEND,Academic
2013-08-24 20:45:00,23.721609,I-BLEND,Academic
2013-08-24 21:00:00,24.359337,I-BLEND,Academic
2013-08-24 21:15:00,23.212028,I-BLEND,Academic
2013-08-24 21:30:00,25.639609,I-BLEND,Academic
2013-08-24 21:45:00,25.500495,I-BLEND,Academic
2013-08-24 22:00:00,25.457894,I-BLEND,Academic
2013-08-24 22:15:00,24.892925,I-BLEND,Academic
2013-08-24 22:30:00,23.840011,I-BLEND,Academic
2013-08-24 22:45:00,23.779905,I-BLEND,Academic
2013-08-24 23:00:00,24.854841,I-BLEND,Academic
2013-08-24 23:15:00,24.681318,I-BLEND,Academic
2013-08-24 23:30:00,24.053157,I-BLEND,Academic
2013-08-24 23:45:00,20.432409,I-BLEND,Academic
2013-08-25 00:00:00,19.843476,I-BLEND,Academic
2013-08-25 00:15:00,19.499436,I-BLEND,Academic
2013-08-25 00:30:00,19.286656,I-BLEND,Academic
2013-08-25 00:45:00,19.143635,I-BLEND,Academic
2013-08-25 01:00:00,18.665792,I-BLEND,Academic
2013-08-25 01:15:00,18.108964,I-BLEND,Academic
2013-08-25 01:30:00,17.753596,I-BLEND,Academic
2013-08-25 01:45:00,17.697240,I-BLEND,Academic
2013-08-25 02:00:00,17.811760,I-BLEND,Academic
2013-08-25 02:15:00,17.572679,I-BLEND,Academic
2013-08-25 02:30:00,17.744382,I-BLEND,Academic
2013-08-25 02:45:00,17.786793,I-BLEND,Academic
2013-08-25 03:00:00,17.428183,I-BLEND,Academic
2013-08-25 03:15:00,17.521204,I-BLEND,Academic
2013-08-25 03:30:00,17.600075,I-BLEND,Academic
2013-08-25 03:45:00,17.300001,I-BLEND,Academic
2013-08-25 04:00:00,16.366503,I-BLEND,Academic
2013-08-25 04:15:00,16.257132,I-BLEND,Academic
2013-08-25 04:30:00,15.863124,I-BLEND,Academic
2013-08-25 04:45:00,15.798659,I-BLEND,Academic
2013-08-25 05:00:00,15.712240,I-BLEND,Academic
2013-08-25 05:15:00,15.542163,I-BLEND,Academic
2013-08-25 05:30:00,15.613145,I-BLEND,Academic
2013-08-25 05:45:00,15.580278,I-BLEND,Academic
2013-08-25 06:00:00,13.039869,I-BLEND,Academic
2013-08-25 06:15:00,9.800288,I-BLEND,Academic
2013-08-25 06:30:00,10.651180,I-BLEND,Academic
2013-08-25 06:45:00,15.503440,I-BLEND,Academic
2013-08-25 07:00:00,29.903506,I-BLEND,Academic
2013-08-25 07:15:00,31.248555,I-BLEND,Academic
2013-08-25 07:30:00,35.818030,I-BLEND,Academic
2013-08-25 07:45:00,35.454887,I-BLEND,Academic
2013-08-25 08:00:00,37.013834,I-BLEND,Academic
2013-08-25 08:15:00,38.182394,I-BLEND,Academic
2013-08-25 08:30:00,38.723592,I-BLEND,Academic
2013-08-25 08:45:00,39.326712,I-BLEND,Academic
2013-08-25 09:00:00,41.060288,I-BLEND,Academic
2013-08-25 09:15:00,41.593146,I-BLEND,Academic
2013-08-25 09:30:00,43.452123,I-BLEND,Academic
2013-08-25 09:45:00,42.477981,I-BLEND,Academic
2013-08-25 10:00:00,41.766511,I-BLEND,Academic
2013-08-25 10:15:00,42.168956,I-BLEND,Academic
2013-08-25 10:30:00,41.995664,I-BLEND,Academic
2013-08-25 10:45:00,40.759161,I-BLEND,Academic
2013-08-25 11:00:00,39.429365,I-BLEND,Academic
2013-08-25 11:15:00,41.209199,I-BLEND,Academic
2013-08-25 11:30:00,42.445081,I-BLEND,Academic
2013-08-25 11:45:00,45.961030,I-BLEND,Academic
2013-08-25 12:00:00,44.084412,I-BLEND,Academic
2013-08-25 12:15:00,42.104010,I-BLEND,Academic
2013-08-25 12:30:00,39.327951,I-BLEND,Academic
2013-08-25 12:45:00,38.044601,I-BLEND,Academic
2013-08-25 13:00:00,37.514572,I-BLEND,Academic
2013-08-25 13:15:00,36.863907,I-BLEND,Academic
2013-08-25 13:30:00,36.941469,I-BLEND,Academic
2013-08-25 13:45:00,36.602946,I-BLEND,Academic
2013-08-25 14:00:00,35.233708,I-BLEND,Academic
2013-08-25 14:15:00,35.776533,I-BLEND,Academic
2013-08-25 14:30:00,33.422110,I-BLEND,Academic
2013-08-25 14:45:00,31.095901,I-BLEND,Academic
2013-08-25 15:00:00,30.795436,I-BLEND,Academic
2013-08-25 15:15:00,32.166073,I-BLEND,Academic
2013-08-25 15:30:00,32.145312,I-BLEND,Academic
2013-08-25 15:45:00,17.975009,I-BLEND,Academic
2013-08-25 16:00:00,13.662386,I-BLEND,Academic
2013-08-25 16:15:00,13.136025,I-BLEND,Academic
2013-08-25 16:30:00,14.425471,I-BLEND,Academic
2013-08-25 16:45:00,14.518252,I-BLEND,Academic
2013-08-25 17:00:00,14.431500,I-BLEND,Academic
2013-08-25 17:15:00,13.531614,I-BLEND,Academic
2013-08-25 17:30:00,13.547088,I-BLEND,Academic
2013-08-25 17:45:00,12.626129,I-BLEND,Academic
2013-08-25 18:00:00,13.375743,I-BLEND,Academic
2013-08-25 18:15:00,14.348908,I-BLEND,Academic
2013-08-25 18:30:00,14.491495,I-BLEND,Academic
2013-08-25 18:45:00,17.568425,I-BLEND,Academic
2013-08-25 19:00:00,20.434130,I-BLEND,Academic
2013-08-25 19:15:00,19.916077,I-BLEND,Academic
2013-08-25 19:30:00,19.823470,I-BLEND,Academic
2013-08-25 19:45:00,18.624330,I-BLEND,Academic
2013-08-25 20:00:00,18.059423,I-BLEND,Academic
2013-08-25 20:15:00,17.976540,I-BLEND,Academic
2013-08-25 20:30:00,18.210263,I-BLEND,Academic
2013-08-25 20:45:00,17.359789,I-BLEND,Academic
2013-08-25 21:00:00,17.439475,I-BLEND,Academic
2013-08-25 21:15:00,17.383202,I-BLEND,Academic
2013-08-25 21:30:00,18.280116,I-BLEND,Academic
2013-08-25 21:45:00,18.525811,I-BLEND,Academic
2013-08-25 22:00:00,18.752586,I-BLEND,Academic
2013-08-25 22:15:00,19.501235,I-BLEND,Academic
2013-08-25 22:30:00,19.372052,I-BLEND,Academic
2013-08-25 22:45:00,20.028897,I-BLEND,Academic
2013-08-25 23:00:00,20.078160,I-BLEND,Academic
2013-08-25 23:15:00,20.802236,I-BLEND,Academic
2013-08-25 23:30:00,20.538802,I-BLEND,Academic
2013-08-25 23:45:00,20.498908,I-BLEND,Academic
2013-08-26 00:00:00,20.868033,I-BLEND,Academic
2013-08-26 00:15:00,20.639417,I-BLEND,Academic
2013-08-26 00:30:00,20.491628,I-BLEND,Academic
2013-08-26 00:45:00,20.394380,I-BLEND,Academic
2013-08-26 01:00:00,20.387406,I-BLEND,Academic
2013-08-26 01:15:00,19.506079,I-BLEND,Academic
2013-08-26 01:30:00,18.654324,I-BLEND,Academic
2013-08-26 01:45:00,18.275393,I-BLEND,Academic
2013-08-26 02:00:00,17.114184,I-BLEND,Academic
2013-08-26 02:15:00,16.511376,I-BLEND,Academic
2013-08-26 02:30:00,16.282852,I-BLEND,Academic
2013-08-26 02:45:00,15.252974,I-BLEND,Academic
2013-08-26 03:00:00,15.356159,I-BLEND,Academic
2013-08-26 03:15:00,15.024772,I-BLEND,Academic
2013-08-26 03:30:00,15.063150,I-BLEND,Academic
2013-08-26 03:45:00,15.264262,I-BLEND,Academic
2013-08-26 04:00:00,15.259636,I-BLEND,Academic
2013-08-26 04:15:00,15.270347,I-BLEND,Academic
2013-08-26 04:30:00,15.128420,I-BLEND,Academic
2013-08-26 04:45:00,15.123158,I-BLEND,Academic
2013-08-26 05:00:00,15.070781,I-BLEND,Academic
2013-08-26 05:15:00,14.814613,I-BLEND,Academic
2013-08-26 05:30:00,15.439245,I-BLEND,Academic
2013-08-26 05:45:00,12.955782,I-BLEND,Academic
2013-08-26 06:00:00,9.396265,I-BLEND,Academic
2013-08-26 06:15:00,8.959072,I-BLEND,Academic
2013-08-26 06:30:00,9.223528,I-BLEND,Academic
2013-08-26 06:45:00,8.751905,I-BLEND,Academic
2013-08-26 07:00:00,8.711544,I-BLEND,Academic
2013-08-26 07:15:00,9.348052,I-BLEND,Academic
2013-08-26 07:30:00,10.548721,I-BLEND,Academic
2013-08-26 07:45:00,18.288378,I-BLEND,Academic
2013-08-26 08:00:00,39.291032,I-BLEND,Academic
2013-08-26 08:15:00,38.495349,I-BLEND,Academic
2013-08-26 08:30:00,40.599214,I-BLEND,Academic
2013-08-26 08:45:00,43.763558,I-BLEND,Academic
2013-08-26 09:00:00,49.038582,I-BLEND,Academic
2013-08-26 09:15:00,52.127902,I-BLEND,Academic
2013-08-26 09:30:00,50.416942,I-BLEND,Academic
2013-08-26 09:45:00,55.324036,I-BLEND,Academic
2013-08-26 10:00:00,57.514427,I-BLEND,Academic
2013-08-26 10:15:00,54.784281,I-BLEND,Academic
2013-08-26 10:30:00,59.384002,I-BLEND,Academic
2013-08-26 10:45:00,59.228252,I-BLEND,Academic
2013-08-26 11:00:00,61.829647,I-BLEND,Academic
2013-08-26 11:15:00,61.020332,I-BLEND,Academic
2013-08-26 11:30:00,63.476211,I-BLEND,Academic
2013-08-26 11:45:00,63.553170,I-BLEND,Academic
2013-08-26 12:00:00,63.173125,I-BLEND,Academic
2013-08-26 12:15:00,63.559238,I-BLEND,Academic
2013-08-26 12:30:00,63.164584,I-BLEND,Academic
2013-08-26 12:45:00,62.524443,I-BLEND,Academic
2013-08-26 13:00:00,61.766406,I-BLEND,Academic
2013-08-26 13:15:00,63.462525,I-BLEND,Academic
2013-08-26 13:30:00,62.330436,I-BLEND,Academic
2013-08-26 13:45:00,60.452364,I-BLEND,Academic
2013-08-26 14:00:00,64.304352,I-BLEND,Academic
2013-08-26 14:15:00,65.055674,I-BLEND,Academic
2013-08-26 14:30:00,64.824582,I-BLEND,Academic
2013-08-26 14:45:00,65.045173,I-BLEND,Academic
2013-08-26 15:00:00,64.279692,I-BLEND,Academic
2013-08-26 15:15:00,60.881765,I-BLEND,Academic
2013-08-26 15:30:00,58.614411,I-BLEND,Academic
2013-08-26 15:45:00,59.572117,I-BLEND,Academic
2013-08-26 16:00:00,62.158727,I-BLEND,Academic
2013-08-26 16:15:00,59.802661,I-BLEND,Academic
2013-08-26 16:30:00,60.365626,I-BLEND,Academic
2013-08-26 16:45:00,56.881901,I-BLEND,Academic
2013-08-26 17:00:00,53.330414,I-BLEND,Academic
2013-08-26 17:15:00,52.926259,I-BLEND,Academic
2013-08-26 17:30:00,52.653949,I-BLEND,Academic
2013-08-26 17:45:00,48.249451,I-BLEND,Academic
2013-08-26 18:00:00,41.269311,I-BLEND,Academic
2013-08-26 18:15:00,40.896373,I-BLEND,Academic
2013-08-26 18:30:00,37.985195,I-BLEND,Academic
2013-08-26 18:45:00,40.158923,I-BLEND,Academic
2013-08-26 19:00:00,42.629994,I-BLEND,Academic
2013-08-26 19:15:00,41.381266,I-BLEND,Academic
2013-08-26 19:30:00,41.091153,I-BLEND,Academic
2013-08-26 19:45:00,39.800923,I-BLEND,Academic
2013-08-26 20:00:00,40.964219,I-BLEND,Academic
2013-08-26 20:15:00,41.141914,I-BLEND,Academic
2013-08-26 20:30:00,40.507432,I-BLEND,Academic
2013-08-26 20:45:00,40.083189,I-BLEND,Academic
2013-08-26 21:00:00,39.846861,I-BLEND,Academic
2013-08-26 21:15:00,38.024305,I-BLEND,Academic
2013-08-26 21:30:00,36.666520,I-BLEND,Academic
2013-08-26 21:45:00,36.065905,I-BLEND,Academic
2013-08-26 22:00:00,36.025581,I-BLEND,Academic
2013-08-26 22:15:00,36.629913,I-BLEND,Academic
2013-08-26 22:30:00,37.713143,I-BLEND,Academic
2013-08-26 22:45:00,37.704517,I-BLEND,Academic
2013-08-26 23:00:00,37.742504,I-BLEND,Academic
2013-08-26 23:15:00,37.740251,I-BLEND,Academic
2013-08-26 23:30:00,37.165455,I-BLEND,Academic
2013-08-26 23:45:00,37.078992,I-BLEND,Academic
2013-08-27 00:00:00,35.460380,I-BLEND,Academic
2013-08-27 00:15:00,21.392601,I-BLEND,Academic
2013-08-27 00:30:00,20.588922,I-BLEND,Academic
2013-08-27 00:45:00,21.142665,I-BLEND,Academic
2013-08-27 01:00:00,21.464447,I-BLEND,Academic
2013-08-27 01:15:00,20.187036,I-BLEND,Academic
2013-08-27 01:30:00,19.697200,I-BLEND,Academic
2013-08-27 01:45:00,19.358197,I-BLEND,Academic
2013-08-27 02:00:00,18.687937,I-BLEND,Academic
2013-08-27 02:15:00,17.876542,I-BLEND,Academic
2013-08-27 02:30:00,17.251201,I-BLEND,Academic
2013-08-27 02:45:00,16.701095,I-BLEND,Academic
2013-08-27 03:00:00,16.703884,I-BLEND,Academic
2013-08-27 03:15:00,16.538764,I-BLEND,Academic
2013-08-27 03:30:00,16.146736,I-BLEND,Academic
2013-08-27 03:45:00,15.977132,I-BLEND,Academic
2013-08-27 04:00:00,15.572504,I-BLEND,Academic
2013-08-27 04:15:00,15.498536,I-BLEND,Academic
2013-08-27 04:30:00,15.021373,I-BLEND,Academic
2013-08-27 04:45:00,14.948813,I-BLEND,Academic
2013-08-27 05:00:00,14.693312,I-BLEND,Academic
2013-08-27 05:15:00,14.932219,I-BLEND,Academic
2013-08-27 05:30:00,14.718478,I-BLEND,Academic
2013-08-27 05:45:00,14.843995,I-BLEND,Academic
2013-08-27 06:00:00,10.587814,I-BLEND,Academic
2013-08-27 06:15:00,9.379114,I-BLEND,Academic
2013-08-27 06:30:00,9.302575,I-BLEND,Academic
2013-08-27 06:45:00,9.575631,I-BLEND,Academic
2013-08-27 07:00:00,9.456440,I-BLEND,Academic
2013-08-27 07:15:00,9.711166,I-BLEND,Academic
2013-08-27 07:30:00,11.677314,I-BLEND,Academic
2013-08-27 07:45:00,12.090831,I-BLEND,Academic
2013-08-27 08:00:00,15.958903,I-BLEND,Academic
2013-08-27 08:15:00,17.710207,I-BLEND,Academic
2013-08-27 08:30:00,36.192095,I-BLEND,Academic
2013-08-27 08:45:00,48.648341,I-BLEND,Academic
2013-08-27 09:00:00,50.114475,I-BLEND,Academic
2013-08-27 09:15:00,50.958051,I-BLEND,Academic
2013-08-27 09:30:00,53.866376,I-BLEND,Academic
2013-08-27 09:45:00,55.470489,I-BLEND,Academic
2013-08-27 10:00:00,58.204214,I-BLEND,Academic
2013-08-27 10:15:00,57.966897,I-BLEND,Academic
2013-08-27 10:30:00,60.705002,I-BLEND,Academic
2013-08-27 10:45:00,59.592063,I-BLEND,Academic
2013-08-27 11:00:00,59.177712,I-BLEND,Academic
2013-08-27 11:15:00,59.459552,I-BLEND,Academic
2013-08-27 11:30:00,60.618562,I-BLEND,Academic
2013-08-27 11:45:00,60.871997,I-BLEND,Academic
2013-08-27 12:00:00,60.804057,I-BLEND,Academic
2013-08-27 12:15:00,60.099082,I-BLEND,Academic
2013-08-27 12:30:00,59.316945,I-BLEND,Academic
2013-08-27 12:45:00,59.888805,I-BLEND,Academic
2013-08-27 13:00:00,57.229923,I-BLEND,Academic
2013-08-27 13:15:00,57.884007,I-BLEND,Academic
2013-08-27 13:30:00,56.505984,I-BLEND,Academic
2013-08-27 13:45:00,57.608332,I-BLEND,Academic
2013-08-27 14:00:00,59.648123,I-BLEND,Academic
2013-08-27 14:15:00,59.945977,I-BLEND,Academic
2013-08-27 14:30:00,60.787695,I-BLEND,Academic
2013-08-27 14:45:00,59.666244,I-BLEND,Academic
2013-08-27 15:00:00,60.642399,I-BLEND,Academic
2013-08-27 15:15:00,61.502993,I-BLEND,Academic
2013-08-27 15:30:00,60.543724,I-BLEND,Academic
2013-08-27 15:45:00,61.111311,I-BLEND,Academic
2013-08-27 16:00:00,60.709490,I-BLEND,Academic
2013-08-27 16:15:00,55.954595,I-BLEND,Academic
2013-08-27 16:30:00,58.013496,I-BLEND,Academic
2013-08-27 16:45:00,58.057772,I-BLEND,Academic
2013-08-27 17:00:00,54.155761,I-BLEND,Academic
2013-08-27 17:15:00,52.951526,I-BLEND,Academic
2013-08-27 17:30:00,48.598867,I-BLEND,Academic
2013-08-27 17:45:00,47.405191,I-BLEND,Academic
2013-08-27 18:00:00,43.995623,I-BLEND,Academic
2013-08-27 18:15:00,41.988377,I-BLEND,Academic
2013-08-27 18:30:00,42.452481,I-BLEND,Academic
2013-08-27 18:45:00,42.652146,I-BLEND,Academic
2013-08-27 19:00:00,45.283039,I-BLEND,Academic
2013-08-27 19:15:00,48.114317,I-BLEND,Academic
2013-08-27 19:30:00,45.650521,I-BLEND,Academic
2013-08-27 19:45:00,44.617119,I-BLEND,Academic
2013-08-27 20:00:00,41.114904,I-BLEND,Academic
2013-08-27 20:15:00,40.681923,I-BLEND,Academic
2013-08-27 20:30:00,40.853082,I-BLEND,Academic
2013-08-27 20:45:00,40.593219,I-BLEND,Academic
2013-08-27 21:00:00,40.036482,I-BLEND,Academic
2013-08-27 21:15:00,38.119810,I-BLEND,Academic
2013-08-27 21:30:00,39.099705,I-BLEND,Academic
2013-08-27 21:45:00,39.451940,I-BLEND,Academic
2013-08-27 22:00:00,39.829335,I-BLEND,Academic
2013-08-27 22:15:00,39.623368,I-BLEND,Academic
2013-08-27 22:30:00,39.714239,I-BLEND,Academic
2013-08-27 22:45:00,40.025479,I-BLEND,Academic
2013-08-27 23:00:00,39.865353,I-BLEND,Academic
2013-08-27 23:15:00,40.032185,I-BLEND,Academic
2013-08-27 23:30:00,39.958864,I-BLEND,Academic
2013-08-27 23:45:00,40.197568,I-BLEND,Academic
2013-08-28 00:00:00,39.674240,I-BLEND,Academic
2013-08-28 00:15:00,38.836214,I-BLEND,Academic
2013-08-28 00:30:00,38.810315,I-BLEND,Academic
2013-08-28 00:45:00,27.231661,I-BLEND,Academic
2013-08-28 01:00:00,21.688314,I-BLEND,Academic
2013-08-28 01:15:00,21.139103,I-BLEND,Academic
2013-08-28 01:30:00,21.855634,I-BLEND,Academic
2013-08-28 01:45:00,21.007486,I-BLEND,Academic
2013-08-28 02:00:00,20.717232,I-BLEND,Academic
2013-08-28 02:15:00,20.417182,I-BLEND,Academic
2013-08-28 02:30:00,20.174815,I-BLEND,Academic
2013-08-28 02:45:00,19.553239,I-BLEND,Academic
2013-08-28 03:00:00,19.737460,I-BLEND,Academic
2013-08-28 03:15:00,18.442684,I-BLEND,Academic
2013-08-28 03:30:00,17.865422,I-BLEND,Academic
2013-08-28 03:45:00,16.722377,I-BLEND,Academic
2013-08-28 04:00:00,16.779796,I-BLEND,Academic
2013-08-28 04:15:00,16.667440,I-BLEND,Academic
2013-08-28 04:30:00,16.470393,I-BLEND,Academic
2013-08-28 04:45:00,16.213832,I-BLEND,Academic
2013-08-28 05:00:00,15.791585,I-BLEND,Academic
2013-08-28 05:15:00,15.469757,I-BLEND,Academic
2013-08-28 05:30:00,15.508921,I-BLEND,Academic
2013-08-28 05:45:00,12.601224,I-BLEND,Academic
2013-08-28 06:00:00,9.525176,I-BLEND,Academic
2013-08-28 06:15:00,9.785345,I-BLEND,Academic
2013-08-28 06:30:00,9.646114,I-BLEND,Academic
2013-08-28 06:45:00,9.830850,I-BLEND,Academic
2013-08-28 07:00:00,10.148213,I-BLEND,Academic
2013-08-28 07:15:00,10.564567,I-BLEND,Academic
2013-08-28 07:30:00,12.066724,I-BLEND,Academic
2013-08-28 07:45:00,16.177483,I-BLEND,Academic
2013-08-28 08:00:00,16.126841,I-BLEND,Academic
2013-08-28 08:15:00,21.041901,I-BLEND,Academic
2013-08-28 08:30:00,37.105338,I-BLEND,Academic
2013-08-28 08:45:00,50.004435,I-BLEND,Academic
2013-08-28 09:00:00,50.807914,I-BLEND,Academic
2013-08-28 09:15:00,39.722819,I-BLEND,Academic
2013-08-28 09:30:00,31.022170,I-BLEND,Academic
2013-08-28 09:45:00,32.184751,I-BLEND,Academic
2013-08-28 10:00:00,34.784184,I-BLEND,Academic
2013-08-28 10:15:00,45.227556,I-BLEND,Academic
2013-08-28 10:30:00,50.974339,I-BLEND,Academic
2013-08-28 10:45:00,54.244725,I-BLEND,Academic
2013-08-28 11:00:00,57.720738,I-BLEND,Academic
2013-08-28 11:15:00,58.690961,I-BLEND,Academic
2013-08-28 11:30:00,58.104201,I-BLEND,Academic
2013-08-28 11:45:00,56.562944,I-BLEND,Academic
2013-08-28 12:00:00,56.957518,I-BLEND,Academic
2013-08-28 12:15:00,58.230252,I-BLEND,Academic
2013-08-28 12:30:00,56.925080,I-BLEND,Academic
2013-08-28 12:45:00,61.236150,I-BLEND,Academic
2013-08-28 13:00:00,57.092816,I-BLEND,Academic
2013-08-28 13:15:00,52.860501,I-BLEND,Academic
2013-08-28 13:30:00,52.205629,I-BLEND,Academic
2013-08-28 13:45:00,53.024521,I-BLEND,Academic
2013-08-28 14:00:00,53.618694,I-BLEND,Academic
2013-08-28 14:15:00,53.135660,I-BLEND,Academic
2013-08-28 14:30:00,52.799950,I-BLEND,Academic
2013-08-28 14:45:00,50.686648,I-BLEND,Academic
2013-08-28 15:00:00,50.226401,I-BLEND,Academic
2013-08-28 15:15:00,50.045152,I-BLEND,Academic
2013-08-28 15:30:00,50.901215,I-BLEND,Academic
2013-08-28 15:45:00,50.491973,I-BLEND,Academic
2013-08-28 16:00:00,48.992217,I-BLEND,Academic
2013-08-28 16:15:00,47.817667,I-BLEND,Academic
2013-08-28 16:30:00,47.781719,I-BLEND,Academic
2013-08-28 16:45:00,47.476979,I-BLEND,Academic
2013-08-28 17:00:00,45.185797,I-BLEND,Academic
2013-08-28 17:15:00,45.836835,I-BLEND,Academic
2013-08-28 17:30:00,45.125664,I-BLEND,Academic
2013-08-28 17:45:00,43.717149,I-BLEND,Academic
2013-08-28 18:00:00,42.265400,I-BLEND,Academic
2013-08-28 18:15:00,41.340622,I-BLEND,Academic
2013-08-28 18:30:00,36.564746,I-BLEND,Academic
2013-08-28 18:45:00,41.078390,I-BLEND,Academic
2013-08-28 19:00:00,45.059171,I-BLEND,Academic
2013-08-28 19:15:00,43.620260,I-BLEND,Academic
2013-08-28 19:30:00,40.682543,I-BLEND,Academic
2013-08-28 19:45:00,41.103746,I-BLEND,Academic
2013-08-28 20:00:00,41.710903,I-BLEND,Academic
2013-08-28 20:15:00,41.400769,I-BLEND,Academic
2013-08-28 20:30:00,43.009539,I-BLEND,Academic
2013-08-28 20:45:00,44.048289,I-BLEND,Academic
2013-08-28 21:00:00,42.963572,I-BLEND,Academic
2013-08-28 21:15:00,41.983241,I-BLEND,Academic
2013-08-28 21:30:00,40.856362,I-BLEND,Academic
2013-08-28 21:45:00,41.210617,I-BLEND,Academic
2013-08-28 22:00:00,42.779114,I-BLEND,Academic
2013-08-28 22:15:00,41.621559,I-BLEND,Academic
2013-08-28 22:30:00,39.531987,I-BLEND,Academic
2013-08-28 22:45:00,39.636704,I-BLEND,Academic
2013-08-28 23:00:00,38.816380,I-BLEND,Academic
2013-08-28 23:15:00,38.239797,I-BLEND,Academic
2013-08-28 23:30:00,38.256801,I-BLEND,Academic
2013-08-28 23:45:00,36.835253,I-BLEND,Academic
2013-08-29 00:00:00,36.924509,I-BLEND,Academic
2013-08-29 00:15:00,28.963134,I-BLEND,Academic
2013-08-29 00:30:00,22.940284,I-BLEND,Academic
2013-08-29 00:45:00,22.206581,I-BLEND,Academic
2013-08-29 01:00:00,21.301170,I-BLEND,Academic
2013-08-29 01:15:00,22.147461,I-BLEND,Academic
2013-08-29 01:30:00,21.999928,I-BLEND,Academic
2013-08-29 01:45:00,21.631809,I-BLEND,Academic
2013-08-29 02:00:00,21.006930,I-BLEND,Academic
2013-08-29 02:15:00,20.162600,I-BLEND,Academic
2013-08-29 02:30:00,20.466593,I-BLEND,Academic
2013-08-29 02:45:00,20.508565,I-BLEND,Academic
2013-08-29 03:00:00,19.887513,I-BLEND,Academic
2013-08-29 03:15:00,19.383485,I-BLEND,Academic
2013-08-29 03:30:00,19.014954,I-BLEND,Academic
2013-08-29 03:45:00,18.519196,I-BLEND,Academic
2013-08-29 04:00:00,18.354572,I-BLEND,Academic
2013-08-29 04:15:00,18.165745,I-BLEND,Academic
2013-08-29 04:30:00,18.256226,I-BLEND,Academic
2013-08-29 04:45:00,17.998901,I-BLEND,Academic
2013-08-29 05:00:00,17.949503,I-BLEND,Academic
2013-08-29 05:15:00,18.467009,I-BLEND,Academic
2013-08-29 05:30:00,18.773342,I-BLEND,Academic
2013-08-29 05:45:00,16.676037,I-BLEND,Academic
2013-08-29 06:00:00,13.060065,I-BLEND,Academic
2013-08-29 06:15:00,12.776860,I-BLEND,Academic
2013-08-29 06:30:00,12.272220,I-BLEND,Academic
2013-08-29 06:45:00,13.406118,I-BLEND,Academic
2013-08-29 07:00:00,11.767168,I-BLEND,Academic
2013-08-29 07:15:00,12.696052,I-BLEND,Academic
2013-08-29 07:30:00,18.300486,I-BLEND,Academic
2013-08-29 07:45:00,33.168457,I-BLEND,Academic
2013-08-29 08:00:00,47.064385,I-BLEND,Academic
2013-08-29 08:15:00,47.681486,I-BLEND,Academic
2013-08-29 08:30:00,50.154390,I-BLEND,Academic
2013-08-29 08:45:00,53.350975,I-BLEND,Academic
2013-08-29 09:00:00,54.643673,I-BLEND,Academic
2013-08-29 09:15:00,55.781917,I-BLEND,Academic
2013-08-29 09:30:00,55.221428,I-BLEND,Academic
2013-08-29 09:45:00,58.032540,I-BLEND,Academic
2013-08-29 10:00:00,59.409076,I-BLEND,Academic
2013-08-29 10:15:00,59.806681,I-BLEND,Academic
2013-08-29 10:30:00,60.233653,I-BLEND,Academic
2013-08-29 10:45:00,61.959715,I-BLEND,Academic
2013-08-29 11:00:00,61.743421,I-BLEND,Academic
2013-08-29 11:15:00,62.730561,I-BLEND,Academic
2013-08-29 11:30:00,62.263225,I-BLEND,Academic
2013-08-29 11:45:00,62.625388,I-BLEND,Academic
2013-08-29 12:00:00,62.592475,I-BLEND,Academic
2013-08-29 12:15:00,62.432625,I-BLEND,Academic
2013-08-29 12:30:00,62.351747,I-BLEND,Academic
2013-08-29 12:45:00,60.336587,I-BLEND,Academic
2013-08-29 13:00:00,60.015364,I-BLEND,Academic
2013-08-29 13:15:00,59.631952,I-BLEND,Academic
2013-08-29 13:30:00,57.455133,I-BLEND,Academic
2013-08-29 13:45:00,56.778915,I-BLEND,Academic
2013-08-29 14:00:00,57.558396,I-BLEND,Academic
2013-08-29 14:15:00,56.939930,I-BLEND,Academic
2013-08-29 14:30:00,57.361028,I-BLEND,Academic
2013-08-29 14:45:00,58.113220,I-BLEND,Academic
2013-08-29 15:00:00,58.547483,I-BLEND,Academic
2013-08-29 15:15:00,58.758316,I-BLEND,Academic
2013-08-29 15:30:00,58.146744,I-BLEND,Academic
2013-08-29 15:45:00,58.101993,I-BLEND,Academic
2013-08-29 16:00:00,55.224988,I-BLEND,Academic
2013-08-29 16:15:00,55.180463,I-BLEND,Academic
2013-08-29 16:30:00,51.709834,I-BLEND,Academic
2013-08-29 16:45:00,49.848920,I-BLEND,Academic
2013-08-29 17:00:00,49.564280,I-BLEND,Academic
2013-08-29 17:15:00,49.214830,I-BLEND,Academic
2013-08-29 17:30:00,46.473678,I-BLEND,Academic
2013-08-29 17:45:00,44.950118,I-BLEND,Academic
2013-08-29 18:00:00,45.166953,I-BLEND,Academic
2013-08-29 18:15:00,44.866320,I-BLEND,Academic
2013-08-29 18:30:00,44.876482,I-BLEND,Academic
2013-08-29 18:45:00,46.338656,I-BLEND,Academic
2013-08-29 19:00:00,44.758004,I-BLEND,Academic
2013-08-29 19:15:00,40.617529,I-BLEND,Academic
2013-08-29 19:30:00,38.734349,I-BLEND,Academic
2013-08-29 19:45:00,38.994892,I-BLEND,Academic
2013-08-29 20:00:00,38.639812,I-BLEND,Academic
2013-08-29 20:15:00,38.636017,I-BLEND,Academic
2013-08-29 20:30:00,37.966122,I-BLEND,Academic
2013-08-29 20:45:00,38.361752,I-BLEND,Academic
2013-08-29 21:00:00,38.782565,I-BLEND,Academic
2013-08-29 21:15:00,38.349894,I-BLEND,Academic
2013-08-29 21:30:00,37.630580,I-BLEND,Academic
2013-08-29 21:45:00,38.452088,I-BLEND,Academic
2013-08-29 22:00:00,36.937502,I-BLEND,Academic
2013-08-29 22:15:00,35.576076,I-BLEND,Academic
2013-08-29 22:30:00,36.169891,I-BLEND,Academic
2013-08-29 22:45:00,35.555145,I-BLEND,Academic
2013-08-29 23:00:00,34.848004,I-BLEND,Academic
2013-08-29 23:15:00,35.200080,I-BLEND,Academic
2013-08-29 23:30:00,35.460726,I-BLEND,Academic
2013-08-29 23:45:00,35.620524,I-BLEND,Academic
2013-08-30 00:00:00,35.930189,I-BLEND,Academic
2013-08-30 00:15:00,37.015071,I-BLEND,Academic
2013-08-30 00:30:00,21.379336,I-BLEND,Academic
2013-08-30 00:45:00,20.535788,I-BLEND,Academic
2013-08-30 01:00:00,20.052414,I-BLEND,Academic
2013-08-30 01:15:00,19.529495,I-BLEND,Academic
2013-08-30 01:30:00,19.210608,I-BLEND,Academic
2013-08-30 01:45:00,19.297389,I-BLEND,Academic
2013-08-30 02:00:00,18.850162,I-BLEND,Academic
2013-08-30 02:15:00,18.148770,I-BLEND,Academic
2013-08-30 02:30:00,18.361929,I-BLEND,Academic
2013-08-30 02:45:00,18.326399,I-BLEND,Academic
2013-08-30 03:00:00,17.862946,I-BLEND,Academic
2013-08-30 03:15:00,17.171027,I-BLEND,Academic
2013-08-30 03:30:00,17.487795,I-BLEND,Academic
2013-08-30 03:45:00,16.573385,I-BLEND,Academic
2013-08-30 04:00:00,15.011188,I-BLEND,Academic
2013-08-30 04:15:00,13.893501,I-BLEND,Academic
2013-08-30 04:30:00,14.216861,I-BLEND,Academic
2013-08-30 04:45:00,14.330578,I-BLEND,Academic
2013-08-30 05:00:00,14.236313,I-BLEND,Academic
2013-08-30 05:15:00,14.335560,I-BLEND,Academic
2013-08-30 05:30:00,14.035824,I-BLEND,Academic
2013-08-30 05:45:00,13.145798,I-BLEND,Academic
2013-08-30 06:00:00,8.587317,I-BLEND,Academic
2013-08-30 06:15:00,8.535497,I-BLEND,Academic
2013-08-30 06:30:00,8.184767,I-BLEND,Academic
2013-08-30 06:45:00,8.300225,I-BLEND,Academic
2013-08-30 07:00:00,8.744046,I-BLEND,Academic
2013-08-30 07:15:00,11.469410,I-BLEND,Academic
2013-08-30 07:30:00,28.374993,I-BLEND,Academic
2013-08-30 07:45:00,45.059492,I-BLEND,Academic
2013-08-30 08:00:00,46.591214,I-BLEND,Academic
2013-08-30 08:15:00,45.654231,I-BLEND,Academic
2013-08-30 08:30:00,48.161898,I-BLEND,Academic
2013-08-30 08:45:00,47.601676,I-BLEND,Academic
2013-08-30 09:00:00,48.637339,I-BLEND,Academic
2013-08-30 09:15:00,50.151087,I-BLEND,Academic
2013-08-30 09:30:00,53.279455,I-BLEND,Academic
2013-08-30 09:45:00,54.183100,I-BLEND,Academic
2013-08-30 10:00:00,54.161355,I-BLEND,Academic
2013-08-30 10:15:00,53.787787,I-BLEND,Academic
2013-08-30 10:30:00,54.350138,I-BLEND,Academic
2013-08-30 10:45:00,54.096156,I-BLEND,Academic
2013-08-30 11:00:00,55.334078,I-BLEND,Academic
2013-08-30 11:15:00,55.707510,I-BLEND,Academic
2013-08-30 11:30:00,56.452622,I-BLEND,Academic
2013-08-30 11:45:00,58.848359,I-BLEND,Academic
2013-08-30 12:00:00,59.304333,I-BLEND,Academic
2013-08-30 12:15:00,58.761973,I-BLEND,Academic
2013-08-30 12:30:00,57.392769,I-BLEND,Academic
2013-08-30 12:45:00,55.213518,I-BLEND,Academic
2013-08-30 13:00:00,56.571880,I-BLEND,Academic
2013-08-30 13:15:00,56.659847,I-BLEND,Academic
2013-08-30 13:30:00,54.360459,I-BLEND,Academic
2013-08-30 13:45:00,58.161669,I-BLEND,Academic
2013-08-30 14:00:00,59.276627,I-BLEND,Academic
2013-08-30 14:15:00,59.973170,I-BLEND,Academic
2013-08-30 14:30:00,60.754584,I-BLEND,Academic
2013-08-30 14:45:00,60.563491,I-BLEND,Academic
2013-08-30 15:00:00,60.765625,I-BLEND,Academic
2013-08-30 15:15:00,58.141464,I-BLEND,Academic
2013-08-30 15:30:00,56.014413,I-BLEND,Academic
2013-08-30 15:45:00,55.730358,I-BLEND,Academic
2013-08-30 16:00:00,56.383386,I-BLEND,Academic
2013-08-30 16:15:00,57.636226,I-BLEND,Academic
2013-08-30 16:30:00,55.507715,I-BLEND,Academic
2013-08-30 16:45:00,51.335889,I-BLEND,Academic
2013-08-30 17:00:00,53.459766,I-BLEND,Academic
2013-08-30 17:15:00,45.667046,I-BLEND,Academic
2013-08-30 17:30:00,43.632920,I-BLEND,Academic
2013-08-30 17:45:00,40.392738,I-BLEND,Academic
2013-08-30 18:00:00,39.503717,I-BLEND,Academic
2013-08-30 18:15:00,37.483278,I-BLEND,Academic
2013-08-30 18:30:00,37.533676,I-BLEND,Academic
2013-08-30 18:45:00,42.595953,I-BLEND,Academic
2013-08-30 19:00:00,44.768574,I-BLEND,Academic
2013-08-30 19:15:00,40.906995,I-BLEND,Academic
2013-08-30 19:30:00,39.714523,I-BLEND,Academic
2013-08-30 19:45:00,36.649219,I-BLEND,Academic
2013-08-30 20:00:00,34.517274,I-BLEND,Academic
2013-08-30 20:15:00,34.637327,I-BLEND,Academic
2013-08-30 20:30:00,34.649606,I-BLEND,Academic
2013-08-30 20:45:00,35.168016,I-BLEND,Academic
2013-08-30 21:00:00,35.157881,I-BLEND,Academic
2013-08-30 21:15:00,35.925134,I-BLEND,Academic
2013-08-30 21:30:00,35.898114,I-BLEND,Academic
2013-08-30 21:45:00,37.960079,I-BLEND,Academic
2013-08-30 22:00:00,36.952434,I-BLEND,Academic
2013-08-30 22:15:00,34.748830,I-BLEND,Academic
2013-08-30 22:30:00,34.391787,I-BLEND,Academic
2013-08-30 22:45:00,34.533423,I-BLEND,Academic
2013-08-30 23:00:00,34.661179,I-BLEND,Academic
2013-08-30 23:15:00,33.364196,I-BLEND,Academic
2013-08-30 23:30:00,33.187206,I-BLEND,Academic
2013-08-30 23:45:00,22.039779,I-BLEND,Academic
2013-08-31 00:00:00,19.732576,I-BLEND,Academic
2013-08-31 00:15:00,18.321470,I-BLEND,Academic
2013-08-31 00:30:00,17.543324,I-BLEND,Academic
2013-08-31 00:45:00,17.953947,I-BLEND,Academic
2013-08-31 01:00:00,17.155930,I-BLEND,Academic
2013-08-31 01:15:00,17.285508,I-BLEND,Academic
2013-08-31 01:30:00,17.572282,I-BLEND,Academic
2013-08-31 01:45:00,18.400450,I-BLEND,Academic
2013-08-31 02:00:00,17.004497,I-BLEND,Academic
2013-08-31 02:15:00,16.357513,I-BLEND,Academic
2013-08-31 02:30:00,16.578802,I-BLEND,Academic
2013-08-31 02:45:00,16.315388,I-BLEND,Academic
2013-08-31 03:00:00,16.304960,I-BLEND,Academic
2013-08-31 03:15:00,15.587834,I-BLEND,Academic
2013-08-31 03:30:00,14.978896,I-BLEND,Academic
2013-08-31 03:45:00,14.167358,I-BLEND,Academic
2013-08-31 04:00:00,14.457950,I-BLEND,Academic
2013-08-31 04:15:00,14.088520,I-BLEND,Academic
2013-08-31 04:30:00,14.174461,I-BLEND,Academic
2013-08-31 04:45:00,14.164415,I-BLEND,Academic
2013-08-31 05:00:00,14.114056,I-BLEND,Academic
2013-08-31 05:15:00,14.269099,I-BLEND,Academic
2013-08-31 05:30:00,14.035072,I-BLEND,Academic
2013-08-31 05:45:00,10.136993,I-BLEND,Academic
2013-08-31 06:00:00,9.371226,I-BLEND,Academic
2013-08-31 06:15:00,9.367377,I-BLEND,Academic
2013-08-31 06:30:00,9.053982,I-BLEND,Academic
2013-08-31 06:45:00,9.261724,I-BLEND,Academic
2013-08-31 07:00:00,9.352793,I-BLEND,Academic
2013-08-31 07:15:00,9.222877,I-BLEND,Academic
2013-08-31 07:30:00,9.403247,I-BLEND,Academic
2013-08-31 07:45:00,11.926437,I-BLEND,Academic
2013-08-31 08:00:00,12.924509,I-BLEND,Academic
2013-08-31 08:15:00,13.586846,I-BLEND,Academic
2013-08-31 08:30:00,15.378106,I-BLEND,Academic
2013-08-31 08:45:00,15.024798,I-BLEND,Academic
2013-08-31 09:00:00,14.991774,I-BLEND,Academic
2013-08-31 09:15:00,13.396579,I-BLEND,Academic
2013-08-31 09:30:00,17.148294,I-BLEND,Academic
2013-08-31 09:45:00,22.001596,I-BLEND,Academic
2013-08-31 10:00:00,23.555329,I-BLEND,Academic
2013-08-31 10:15:00,31.589642,I-BLEND,Academic
2013-08-31 10:30:00,29.385730,I-BLEND,Academic
2013-08-31 10:45:00,30.717997,I-BLEND,Academic
2013-08-31 11:00:00,31.535067,I-BLEND,Academic
2013-08-31 11:15:00,31.964263,I-BLEND,Academic
2013-08-31 11:30:00,34.502507,I-BLEND,Academic
2013-08-31 11:45:00,33.331687,I-BLEND,Academic
2013-08-31 12:00:00,33.065956,I-BLEND,Academic
2013-08-31 12:15:00,32.508398,I-BLEND,Academic
2013-08-31 12:30:00,31.061130,I-BLEND,Academic
2013-08-31 12:45:00,27.249287,I-BLEND,Academic
2013-08-31 13:00:00,27.675897,I-BLEND,Academic
2013-08-31 13:15:00,28.181432,I-BLEND,Academic
2013-08-31 13:30:00,30.969828,I-BLEND,Academic
2013-08-31 13:45:00,32.624061,I-BLEND,Academic
2013-08-31 14:00:00,29.047343,I-BLEND,Academic
2013-08-31 14:15:00,29.047956,I-BLEND,Academic
2013-08-31 14:30:00,25.532447,I-BLEND,Academic
2013-08-31 14:45:00,25.366969,I-BLEND,Academic
2013-08-31 15:00:00,29.740928,I-BLEND,Academic
2013-08-31 15:15:00,26.890121,I-BLEND,Academic
2013-08-31 15:30:00,26.288541,I-BLEND,Academic
2013-08-31 15:45:00,23.282053,I-BLEND,Academic
2013-08-31 16:00:00,23.468908,I-BLEND,Academic
2013-08-31 16:15:00,21.892410,I-BLEND,Academic
2013-08-31 16:30:00,23.673631,I-BLEND,Academic
2013-08-31 16:45:00,27.111154,I-BLEND,Academic
2013-08-31 17:00:00,29.773005,I-BLEND,Academic
2013-08-31 17:15:00,31.686056,I-BLEND,Academic
2013-08-31 17:30:00,33.953007,I-BLEND,Academic
2013-08-31 17:45:00,32.923417,I-BLEND,Academic
2013-08-31 18:00:00,30.574210,I-BLEND,Academic
2013-08-31 18:15:00,25.654722,I-BLEND,Academic
2013-08-31 18:30:00,22.417587,I-BLEND,Academic
2013-08-31 18:45:00,22.813067,I-BLEND,Academic
2013-08-31 19:00:00,22.675639,I-BLEND,Academic
2013-08-31 19:15:00,21.382648,I-BLEND,Academic
2013-08-31 19:30:00,20.310095,I-BLEND,Academic
2013-08-31 19:45:00,19.722652,I-BLEND,Academic
2013-08-31 20:00:00,18.978665,I-BLEND,Academic
2013-08-31 20:15:00,18.346074,I-BLEND,Academic
2013-08-31 20:30:00,17.869472,I-BLEND,Academic
2013-08-31 20:45:00,17.676600,I-BLEND,Academic
2013-08-31 21:00:00,17.386405,I-BLEND,Academic
2013-08-31 21:15:00,17.509634,I-BLEND,Academic
2013-08-31 21:30:00,18.890286,I-BLEND,Academic
2013-08-31 21:45:00,18.080894,I-BLEND,Academic
2013-08-31 22:00:00,18.368074,I-BLEND,Academic
2013-08-31 22:15:00,18.204688,I-BLEND,Academic
2013-08-31 22:30:00,18.002402,I-BLEND,Academic
2013-08-31 22:45:00,17.560607,I-BLEND,Academic
2013-08-31 23:00:00,18.157574,I-BLEND,Academic
2013-08-31 23:15:00,17.948710,I-BLEND,Academic
2013-08-31 23:30:00,18.746337,I-BLEND,Academic
2013-08-31 23:45:00,18.479654,I-BLEND,Academic
2013-09-01 00:00:00,18.370694,I-BLEND,Academic
2013-09-01 00:15:00,17.903606,I-BLEND,Academic
2013-09-01 00:30:00,18.252263,I-BLEND,Academic
2013-09-01 00:45:00,18.023730,I-BLEND,Academic
2013-09-01 01:00:00,18.004482,I-BLEND,Academic
2013-09-01 01:15:00,17.423655,I-BLEND,Academic
2013-09-01 01:30:00,17.406365,I-BLEND,Academic
2013-09-01 01:45:00,17.345862,I-BLEND,Academic
2013-09-01 02:00:00,17.466166,I-BLEND,Academic
2013-09-01 02:15:00,17.545514,I-BLEND,Academic
2013-09-01 02:30:00,17.664679,I-BLEND,Academic
2013-09-01 02:45:00,17.552309,I-BLEND,Academic
2013-09-01 03:00:00,17.192475,I-BLEND,Academic
2013-09-01 03:15:00,16.904250,I-BLEND,Academic
2013-09-01 03:30:00,16.429911,I-BLEND,Academic
2013-09-01 03:45:00,16.295236,I-BLEND,Academic
2013-09-01 04:00:00,15.221799,I-BLEND,Academic
2013-09-01 04:15:00,15.140575,I-BLEND,Academic
2013-09-01 04:30:00,14.719885,I-BLEND,Academic
2013-09-01 04:45:00,14.517034,I-BLEND,Academic
2013-09-01 05:00:00,14.494038,I-BLEND,Academic
2013-09-01 05:15:00,14.843175,I-BLEND,Academic
2013-09-01 05:30:00,14.462547,I-BLEND,Academic
2013-09-01 05:45:00,12.379700,I-BLEND,Academic
2013-09-01 06:00:00,9.223112,I-BLEND,Academic
2013-09-01 06:15:00,9.093525,I-BLEND,Academic
2013-09-01 06:30:00,9.294166,I-BLEND,Academic
2013-09-01 06:45:00,9.064973,I-BLEND,Academic
2013-09-01 07:00:00,9.115994,I-BLEND,Academic
2013-09-01 07:15:00,9.297724,I-BLEND,Academic
2013-09-01 07:30:00,9.076015,I-BLEND,Academic
2013-09-01 07:45:00,8.957706,I-BLEND,Academic
2013-09-01 08:00:00,9.818607,I-BLEND,Academic
2013-09-01 08:15:00,9.470026,I-BLEND,Academic
2013-09-01 08:30:00,9.324369,I-BLEND,Academic
2013-09-01 08:45:00,10.243810,I-BLEND,Academic
2013-09-01 09:00:00,10.483593,I-BLEND,Academic
2013-09-01 09:15:00,10.749289,I-BLEND,Academic
2013-09-01 09:30:00,9.106724,I-BLEND,Academic
2013-09-01 09:45:00,11.043125,I-BLEND,Academic
2013-09-01 10:00:00,9.812783,I-BLEND,Academic
2013-09-01 10:15:00,10.654454,I-BLEND,Academic
2013-09-01 10:30:00,11.164862,I-BLEND,Academic
2013-09-01 10:45:00,11.944083,I-BLEND,Academic
2013-09-01 11:00:00,12.041094,I-BLEND,Academic
2013-09-01 11:15:00,11.614082,I-BLEND,Academic
2013-09-01 11:30:00,11.965099,I-BLEND,Academic
2013-09-01 11:45:00,11.244210,I-BLEND,Academic
2013-09-01 12:00:00,11.284521,I-BLEND,Academic
2013-09-01 12:15:00,11.912842,I-BLEND,Academic
2013-09-01 12:30:00,11.832359,I-BLEND,Academic
2013-09-01 12:45:00,11.359253,I-BLEND,Academic
2013-09-01 13:00:00,10.777217,I-BLEND,Academic
2013-09-01 13:15:00,11.435341,I-BLEND,Academic
2013-09-01 13:30:00,10.779665,I-BLEND,Academic
2013-09-01 13:45:00,10.946577,I-BLEND,Academic
2013-09-01 14:00:00,10.662083,I-BLEND,Academic
2013-09-01 14:15:00,11.096386,I-BLEND,Academic
2013-09-01 14:30:00,10.781478,I-BLEND,Academic
2013-09-01 14:45:00,12.494067,I-BLEND,Academic
2013-09-01 15:00:00,13.495874,I-BLEND,Academic
2013-09-01 15:15:00,13.122744,I-BLEND,Academic
2013-09-01 15:30:00,13.258849,I-BLEND,Academic
2013-09-01 15:45:00,11.620560,I-BLEND,Academic
2013-09-01 16:00:00,11.430322,I-BLEND,Academic
2013-09-01 16:15:00,11.853621,I-BLEND,Academic
2013-09-01 16:30:00,11.145344,I-BLEND,Academic
2013-09-01 16:45:00,11.307076,I-BLEND,Academic
2013-09-01 17:00:00,11.198458,I-BLEND,Academic
2013-09-01 17:15:00,10.483179,I-BLEND,Academic
2013-09-01 17:30:00,10.890203,I-BLEND,Academic
2013-09-01 17:45:00,10.822826,I-BLEND,Academic
2013-09-01 18:00:00,11.373775,I-BLEND,Academic
2013-09-01 18:15:00,11.146915,I-BLEND,Academic
2013-09-01 18:30:00,13.722204,I-BLEND,Academic
2013-09-01 18:45:00,16.802868,I-BLEND,Academic
2013-09-01 19:00:00,17.071205,I-BLEND,Academic
2013-09-01 19:15:00,17.275241,I-BLEND,Academic
2013-09-01 19:30:00,18.108434,I-BLEND,Academic
2013-09-01 19:45:00,17.851246,I-BLEND,Academic
2013-09-01 20:00:00,18.004124,I-BLEND,Academic
2013-09-01 20:15:00,18.384744,I-BLEND,Academic
2013-09-01 20:30:00,17.780899,I-BLEND,Academic
2013-09-01 20:45:00,17.703451,I-BLEND,Academic
2013-09-01 21:00:00,17.555009,I-BLEND,Academic
2013-09-01 21:15:00,17.262203,I-BLEND,Academic
2013-09-01 21:30:00,16.079963,I-BLEND,Academic
2013-09-01 21:45:00,16.476851,I-BLEND,Academic
2013-09-01 22:00:00,16.853772,I-BLEND,Academic
2013-09-01 22:15:00,17.259974,I-BLEND,Academic
2013-09-01 22:30:00,17.116679,I-BLEND,Academic
2013-09-01 22:45:00,18.005759,I-BLEND,Academic
2013-09-01 23:00:00,17.480737,I-BLEND,Academic
2013-09-01 23:15:00,17.281959,I-BLEND,Academic
2013-09-01 23:30:00,17.354009,I-BLEND,Academic
2013-09-01 23:45:00,17.029079,I-BLEND,Academic
2013-09-02 00:00:00,16.823441,I-BLEND,Academic
2013-09-02 00:15:00,16.288759,I-BLEND,Academic
2013-09-02 00:30:00,16.597099,I-BLEND,Academic
2013-09-02 00:45:00,16.417389,I-BLEND,Academic
2013-09-02 01:00:00,16.295717,I-BLEND,Academic
2013-09-02 01:15:00,15.678261,I-BLEND,Academic
2013-09-02 01:30:00,15.332416,I-BLEND,Academic
2013-09-02 01:45:00,14.630989,I-BLEND,Academic
2013-09-02 02:00:00,14.538194,I-BLEND,Academic
2013-09-02 02:15:00,14.283763,I-BLEND,Academic
2013-09-02 02:30:00,14.509457,I-BLEND,Academic
2013-09-02 02:45:00,14.298074,I-BLEND,Academic
2013-09-02 03:00:00,14.275722,I-BLEND,Academic
2013-09-02 03:15:00,14.449109,I-BLEND,Academic
2013-09-02 03:30:00,14.119529,I-BLEND,Academic
2013-09-02 03:45:00,14.143214,I-BLEND,Academic
2013-09-02 04:00:00,13.904347,I-BLEND,Academic
2013-09-02 04:15:00,14.141348,I-BLEND,Academic
2013-09-02 04:30:00,13.969744,I-BLEND,Academic
2013-09-02 04:45:00,14.586536,I-BLEND,Academic
2013-09-02 05:00:00,13.814312,I-BLEND,Academic
2013-09-02 05:15:00,13.883022,I-BLEND,Academic
2013-09-02 05:30:00,13.740971,I-BLEND,Academic
2013-09-02 05:45:00,9.790943,I-BLEND,Academic
2013-09-02 06:00:00,9.350750,I-BLEND,Academic
2013-09-02 06:15:00,8.310038,I-BLEND,Academic
2013-09-02 06:30:00,8.298953,I-BLEND,Academic
2013-09-02 06:45:00,8.124168,I-BLEND,Academic
2013-09-02 07:00:00,8.321403,I-BLEND,Academic
2013-09-02 07:15:00,9.057805,I-BLEND,Academic
2013-09-02 07:30:00,14.264539,I-BLEND,Academic
2013-09-02 07:45:00,20.125933,I-BLEND,Academic
2013-09-02 08:00:00,26.718452,I-BLEND,Academic
2013-09-02 08:15:00,30.143607,I-BLEND,Academic
2013-09-02 08:30:00,29.037443,I-BLEND,Academic
2013-09-02 08:45:00,47.821234,I-BLEND,Academic
2013-09-02 09:00:00,52.130493,I-BLEND,Academic
2013-09-02 09:15:00,53.800435,I-BLEND,Academic
2013-09-02 09:30:00,52.752372,I-BLEND,Academic
2013-09-02 09:45:00,55.059080,I-BLEND,Academic
2013-09-02 10:00:00,56.251836,I-BLEND,Academic
2013-09-02 10:15:00,57.225990,I-BLEND,Academic
2013-09-02 10:30:00,58.184818,I-BLEND,Academic
2013-09-02 10:45:00,59.099484,I-BLEND,Academic
2013-09-02 11:00:00,60.246540,I-BLEND,Academic
2013-09-02 11:15:00,60.526310,I-BLEND,Academic
2013-09-02 11:30:00,62.079822,I-BLEND,Academic
2013-09-02 11:45:00,61.042796,I-BLEND,Academic
2013-09-02 12:00:00,61.005980,I-BLEND,Academic
2013-09-02 12:15:00,60.083871,I-BLEND,Academic
2013-09-02 12:30:00,59.393430,I-BLEND,Academic
2013-09-02 12:45:00,58.521447,I-BLEND,Academic
2013-09-02 13:00:00,58.223017,I-BLEND,Academic
2013-09-02 13:15:00,57.608356,I-BLEND,Academic
2013-09-02 13:30:00,56.843168,I-BLEND,Academic
2013-09-02 13:45:00,56.837300,I-BLEND,Academic
2013-09-02 14:00:00,58.549486,I-BLEND,Academic
2013-09-02 14:15:00,59.129015,I-BLEND,Academic
2013-09-02 14:30:00,58.499696,I-BLEND,Academic
2013-09-02 14:45:00,58.896344,I-BLEND,Academic
2013-09-02 15:00:00,59.237657,I-BLEND,Academic
2013-09-02 15:15:00,57.421809,I-BLEND,Academic
2013-09-02 15:30:00,60.372183,I-BLEND,Academic
2013-09-02 15:45:00,59.131691,I-BLEND,Academic
2013-09-02 16:00:00,59.343379,I-BLEND,Academic
2013-09-02 16:15:00,58.974925,I-BLEND,Academic
2013-09-02 16:30:00,57.423398,I-BLEND,Academic
2013-09-02 16:45:00,58.586060,I-BLEND,Academic
2013-09-02 17:00:00,59.552839,I-BLEND,Academic
2013-09-02 17:15:00,53.965064,I-BLEND,Academic
2013-09-02 17:30:00,52.205079,I-BLEND,Academic
2013-09-02 17:45:00,53.224881,I-BLEND,Academic
2013-09-02 18:00:00,51.764548,I-BLEND,Academic
2013-09-02 18:15:00,38.722665,I-BLEND,Academic
2013-09-02 18:30:00,35.758348,I-BLEND,Academic
2013-09-02 18:45:00,33.964659,I-BLEND,Academic
2013-09-02 19:00:00,36.619952,I-BLEND,Academic
2013-09-02 19:15:00,34.556519,I-BLEND,Academic
2013-09-02 19:30:00,32.952549,I-BLEND,Academic
2013-09-02 19:45:00,31.765788,I-BLEND,Academic
2013-09-02 20:00:00,31.831205,I-BLEND,Academic
2013-09-02 20:15:00,29.333994,I-BLEND,Academic
2013-09-02 20:30:00,29.065374,I-BLEND,Academic
2013-09-02 20:45:00,29.108881,I-BLEND,Academic
2013-09-02 21:00:00,29.466401,I-BLEND,Academic
2013-09-02 21:15:00,28.636557,I-BLEND,Academic
2013-09-02 21:30:00,27.521731,I-BLEND,Academic
2013-09-02 21:45:00,27.862452,I-BLEND,Academic
2013-09-02 22:00:00,27.875754,I-BLEND,Academic
2013-09-02 22:15:00,28.282075,I-BLEND,Academic
2013-09-02 22:30:00,28.400846,I-BLEND,Academic
2013-09-02 22:45:00,27.810144,I-BLEND,Academic
2013-09-02 23:00:00,26.464728,I-BLEND,Academic
2013-09-02 23:15:00,24.068003,I-BLEND,Academic
2013-09-02 23:30:00,23.990271,I-BLEND,Academic
2013-09-02 23:45:00,24.723601,I-BLEND,Academic
2013-09-03 00:00:00,20.199952,I-BLEND,Academic
2013-09-03 00:15:00,18.581010,I-BLEND,Academic
2013-09-03 00:30:00,18.305167,I-BLEND,Academic
2013-09-03 00:45:00,18.007126,I-BLEND,Academic
2013-09-03 01:00:00,18.029446,I-BLEND,Academic
2013-09-03 01:15:00,17.582386,I-BLEND,Academic
2013-09-03 01:30:00,17.247351,I-BLEND,Academic
2013-09-03 01:45:00,15.931427,I-BLEND,Academic
2013-09-03 02:00:00,15.734693,I-BLEND,Academic
2013-09-03 02:15:00,15.730860,I-BLEND,Academic
2013-09-03 02:30:00,15.771167,I-BLEND,Academic
2013-09-03 02:45:00,15.296398,I-BLEND,Academic
2013-09-03 03:00:00,15.192237,I-BLEND,Academic
2013-09-03 03:15:00,14.875733,I-BLEND,Academic
2013-09-03 03:30:00,14.878520,I-BLEND,Academic
2013-09-03 03:45:00,14.239872,I-BLEND,Academic
2013-09-03 04:00:00,14.403326,I-BLEND,Academic
2013-09-03 04:15:00,14.027688,I-BLEND,Academic
2013-09-03 04:30:00,13.787740,I-BLEND,Academic
2013-09-03 04:45:00,13.658184,I-BLEND,Academic
2013-09-03 05:00:00,13.936659,I-BLEND,Academic
2013-09-03 05:15:00,13.609580,I-BLEND,Academic
2013-09-03 05:30:00,14.297730,I-BLEND,Academic
2013-09-03 05:45:00,13.715894,I-BLEND,Academic
2013-09-03 06:00:00,10.478092,I-BLEND,Academic
2013-09-03 06:15:00,10.256218,I-BLEND,Academic
2013-09-03 06:30:00,10.492528,I-BLEND,Academic
2013-09-03 06:45:00,10.486284,I-BLEND,Academic
2013-09-03 07:00:00,10.583982,I-BLEND,Academic
2013-09-03 07:15:00,18.038970,I-BLEND,Academic
2013-09-03 07:30:00,34.659297,I-BLEND,Academic
2013-09-03 07:45:00,39.932947,I-BLEND,Academic
2013-09-03 08:00:00,44.019129,I-BLEND,Academic
2013-09-03 08:15:00,45.240842,I-BLEND,Academic
2013-09-03 08:30:00,49.768081,I-BLEND,Academic
2013-09-03 08:45:00,51.177322,I-BLEND,Academic
2013-09-03 09:00:00,52.331589,I-BLEND,Academic
2013-09-03 09:15:00,51.113726,I-BLEND,Academic
2013-09-03 09:30:00,53.639611,I-BLEND,Academic
2013-09-03 09:45:00,56.263543,I-BLEND,Academic
2013-09-03 10:00:00,56.691027,I-BLEND,Academic
2013-09-03 10:15:00,57.563914,I-BLEND,Academic
2013-09-03 10:30:00,59.286221,I-BLEND,Academic
2013-09-03 10:45:00,60.704794,I-BLEND,Academic
2013-09-03 11:00:00,61.054690,I-BLEND,Academic
2013-09-03 11:15:00,62.325183,I-BLEND,Academic
2013-09-03 11:30:00,64.695928,I-BLEND,Academic
2013-09-03 11:45:00,64.216474,I-BLEND,Academic
2013-09-03 12:00:00,64.868928,I-BLEND,Academic
2013-09-03 12:15:00,64.314068,I-BLEND,Academic
2013-09-03 12:30:00,62.387902,I-BLEND,Academic
2013-09-03 12:45:00,60.530487,I-BLEND,Academic
2013-09-03 13:00:00,60.247604,I-BLEND,Academic
2013-09-03 13:15:00,59.073900,I-BLEND,Academic
2013-09-03 13:30:00,58.147144,I-BLEND,Academic
2013-09-03 13:45:00,59.917195,I-BLEND,Academic
2013-09-03 14:00:00,61.622296,I-BLEND,Academic
2013-09-03 14:15:00,61.108468,I-BLEND,Academic
2013-09-03 14:30:00,60.416147,I-BLEND,Academic
2013-09-03 14:45:00,60.571637,I-BLEND,Academic
2013-09-03 15:00:00,61.342155,I-BLEND,Academic
2013-09-03 15:15:00,61.384833,I-BLEND,Academic
2013-09-03 15:30:00,63.896153,I-BLEND,Academic
2013-09-03 15:45:00,63.454245,I-BLEND,Academic
2013-09-03 16:00:00,63.099339,I-BLEND,Academic
2013-09-03 16:15:00,62.835686,I-BLEND,Academic
2013-09-03 16:30:00,61.974109,I-BLEND,Academic
2013-09-03 16:45:00,61.108508,I-BLEND,Academic
2013-09-03 17:00:00,54.419283,I-BLEND,Academic
2013-09-03 17:15:00,53.320530,I-BLEND,Academic
2013-09-03 17:30:00,48.645868,I-BLEND,Academic
2013-09-03 17:45:00,46.544107,I-BLEND,Academic
2013-09-03 18:00:00,45.631171,I-BLEND,Academic
2013-09-03 18:15:00,45.414696,I-BLEND,Academic
2013-09-03 18:30:00,42.044158,I-BLEND,Academic
2013-09-03 18:45:00,41.817370,I-BLEND,Academic
2013-09-03 19:00:00,45.035541,I-BLEND,Academic
2013-09-03 19:15:00,43.305738,I-BLEND,Academic
2013-09-03 19:30:00,41.102127,I-BLEND,Academic
2013-09-03 19:45:00,39.407102,I-BLEND,Academic
2013-09-03 20:00:00,39.271740,I-BLEND,Academic
2013-09-03 20:15:00,38.932704,I-BLEND,Academic
2013-09-03 20:30:00,38.352613,I-BLEND,Academic
2013-09-03 20:45:00,37.697708,I-BLEND,Academic
2013-09-03 21:00:00,36.547423,I-BLEND,Academic
2013-09-03 21:15:00,37.151633,I-BLEND,Academic
2013-09-03 21:30:00,37.686337,I-BLEND,Academic
2013-09-03 21:45:00,37.189135,I-BLEND,Academic
2013-09-03 22:00:00,37.764378,I-BLEND,Academic
2013-09-03 22:15:00,36.312209,I-BLEND,Academic
2013-09-03 22:30:00,35.521622,I-BLEND,Academic
2013-09-03 22:45:00,34.713759,I-BLEND,Academic
2013-09-03 23:00:00,34.387912,I-BLEND,Academic
2013-09-03 23:15:00,35.287341,I-BLEND,Academic
2013-09-03 23:30:00,35.101018,I-BLEND,Academic
2013-09-03 23:45:00,34.736890,I-BLEND,Academic
2013-09-04 00:00:00,34.314346,I-BLEND,Academic
2013-09-04 00:15:00,33.496681,I-BLEND,Academic
2013-09-04 00:30:00,21.325063,I-BLEND,Academic
2013-09-04 00:45:00,18.796458,I-BLEND,Academic
2013-09-04 01:00:00,18.585427,I-BLEND,Academic
2013-09-04 01:15:00,18.241192,I-BLEND,Academic
2013-09-04 01:30:00,17.946515,I-BLEND,Academic
2013-09-04 01:45:00,17.813831,I-BLEND,Academic
2013-09-04 02:00:00,17.952097,I-BLEND,Academic
2013-09-04 02:15:00,17.859220,I-BLEND,Academic
2013-09-04 02:30:00,17.523713,I-BLEND,Academic
2013-09-04 02:45:00,17.117042,I-BLEND,Academic
2013-09-04 03:00:00,17.107260,I-BLEND,Academic
2013-09-04 03:15:00,16.727928,I-BLEND,Academic
2013-09-04 03:30:00,16.237242,I-BLEND,Academic
2013-09-04 03:45:00,16.787847,I-BLEND,Academic
2013-09-04 04:00:00,16.422484,I-BLEND,Academic
2013-09-04 04:15:00,16.541743,I-BLEND,Academic
2013-09-04 04:30:00,15.865420,I-BLEND,Academic
2013-09-04 04:45:00,15.859126,I-BLEND,Academic
2013-09-04 05:00:00,15.233249,I-BLEND,Academic
2013-09-04 05:15:00,15.593185,I-BLEND,Academic
2013-09-04 05:30:00,14.834144,I-BLEND,Academic
2013-09-04 05:45:00,12.793076,I-BLEND,Academic
2013-09-04 06:00:00,10.655158,I-BLEND,Academic
2013-09-04 06:15:00,10.929292,I-BLEND,Academic
2013-09-04 06:30:00,10.488869,I-BLEND,Academic
2013-09-04 06:45:00,9.461052,I-BLEND,Academic
2013-09-04 07:00:00,9.115105,I-BLEND,Academic
2013-09-04 07:15:00,11.698354,I-BLEND,Academic
2013-09-04 07:30:00,12.717667,I-BLEND,Academic
2013-09-04 07:45:00,14.477410,I-BLEND,Academic
2013-09-04 08:00:00,37.897037,I-BLEND,Academic
2013-09-04 08:15:00,46.445930,I-BLEND,Academic
2013-09-04 08:30:00,52.226304,I-BLEND,Academic
2013-09-04 08:45:00,51.024458,I-BLEND,Academic
2013-09-04 09:00:00,56.887272,I-BLEND,Academic
2013-09-04 09:15:00,57.196612,I-BLEND,Academic
2013-09-04 09:30:00,57.272960,I-BLEND,Academic
2013-09-04 09:45:00,58.245834,I-BLEND,Academic
2013-09-04 10:00:00,59.550014,I-BLEND,Academic
2013-09-04 10:15:00,59.484186,I-BLEND,Academic
2013-09-04 10:30:00,59.729441,I-BLEND,Academic
2013-09-04 10:45:00,60.168698,I-BLEND,Academic
2013-09-04 11:00:00,59.972324,I-BLEND,Academic
2013-09-04 11:15:00,59.679573,I-BLEND,Academic
2013-09-04 11:30:00,58.904446,I-BLEND,Academic
2013-09-04 11:45:00,59.524097,I-BLEND,Academic
2013-09-04 12:00:00,59.278069,I-BLEND,Academic
2013-09-04 12:15:00,61.479001,I-BLEND,Academic
2013-09-04 12:30:00,60.423758,I-BLEND,Academic
2013-09-04 12:45:00,61.221917,I-BLEND,Academic
2013-09-04 13:00:00,56.969569,I-BLEND,Academic
2013-09-04 13:15:00,56.999771,I-BLEND,Academic
2013-09-04 13:30:00,56.578321,I-BLEND,Academic
2013-09-04 13:45:00,57.452335,I-BLEND,Academic
2013-09-04 14:00:00,56.170728,I-BLEND,Academic
2013-09-04 14:15:00,56.359790,I-BLEND,Academic
2013-09-04 14:30:00,58.207246,I-BLEND,Academic
2013-09-04 14:45:00,57.648570,I-BLEND,Academic
2013-09-04 15:00:00,57.336772,I-BLEND,Academic
2013-09-04 15:15:00,58.891280,I-BLEND,Academic
2013-09-04 15:30:00,59.120798,I-BLEND,Academic
2013-09-04 15:45:00,59.844182,I-BLEND,Academic
2013-09-04 16:00:00,58.497119,I-BLEND,Academic
2013-09-04 16:15:00,60.782237,I-BLEND,Academic
2013-09-04 16:30:00,60.776612,I-BLEND,Academic
2013-09-04 16:45:00,60.243615,I-BLEND,Academic
2013-09-04 17:00:00,57.632191,I-BLEND,Academic
2013-09-04 17:15:00,54.235450,I-BLEND,Academic
2013-09-04 17:30:00,51.518214,I-BLEND,Academic
2013-09-04 17:45:00,49.150977,I-BLEND,Academic
2013-09-04 18:00:00,49.600999,I-BLEND,Academic
2013-09-04 18:15:00,46.229432,I-BLEND,Academic
2013-09-04 18:30:00,45.241351,I-BLEND,Academic
2013-09-04 18:45:00,43.600032,I-BLEND,Academic
2013-09-04 19:00:00,42.561114,I-BLEND,Academic
2013-09-04 19:15:00,41.678303,I-BLEND,Academic
2013-09-04 19:30:00,40.624505,I-BLEND,Academic
2013-09-04 19:45:00,40.563401,I-BLEND,Academic
2013-09-04 20:00:00,40.828047,I-BLEND,Academic
2013-09-04 20:15:00,40.465886,I-BLEND,Academic
2013-09-04 20:30:00,40.157599,I-BLEND,Academic
2013-09-04 20:45:00,39.606012,I-BLEND,Academic
2013-09-04 21:00:00,39.490798,I-BLEND,Academic
2013-09-04 21:15:00,39.013595,I-BLEND,Academic
2013-09-04 21:30:00,39.516794,I-BLEND,Academic
2013-09-04 21:45:00,37.571823,I-BLEND,Academic
2013-09-04 22:00:00,38.038974,I-BLEND,Academic
2013-09-04 22:15:00,38.528130,I-BLEND,Academic
2013-09-04 22:30:00,38.317002,I-BLEND,Academic
2013-09-04 22:45:00,38.351130,I-BLEND,Academic
2013-09-04 23:00:00,37.844714,I-BLEND,Academic
2013-09-04 23:15:00,34.104142,I-BLEND,Academic
2013-09-04 23:30:00,34.062771,I-BLEND,Academic
2013-09-04 23:45:00,33.813070,I-BLEND,Academic
2013-09-05 00:00:00,33.769952,I-BLEND,Academic
2013-09-05 00:15:00,33.486375,I-BLEND,Academic
2013-09-05 00:30:00,33.521438,I-BLEND,Academic
2013-09-05 00:45:00,33.424237,I-BLEND,Academic
2013-09-05 01:00:00,32.644465,I-BLEND,Academic
2013-09-05 01:15:00,18.177490,I-BLEND,Academic
2013-09-05 01:30:00,17.613552,I-BLEND,Academic
2013-09-05 01:45:00,17.498821,I-BLEND,Academic
2013-09-05 02:00:00,17.312837,I-BLEND,Academic
2013-09-05 02:15:00,16.715837,I-BLEND,Academic
2013-09-05 02:30:00,17.064216,I-BLEND,Academic
2013-09-05 02:45:00,16.262026,I-BLEND,Academic
2013-09-05 03:00:00,16.120651,I-BLEND,Academic
2013-09-05 03:15:00,15.496538,I-BLEND,Academic
2013-09-05 03:30:00,15.755604,I-BLEND,Academic
2013-09-05 03:45:00,15.637801,I-BLEND,Academic
2013-09-05 04:00:00,15.542178,I-BLEND,Academic
2013-09-05 04:15:00,15.027015,I-BLEND,Academic
2013-09-05 04:30:00,15.102594,I-BLEND,Academic
2013-09-05 04:45:00,15.000495,I-BLEND,Academic
2013-09-05 05:00:00,14.808641,I-BLEND,Academic
2013-09-05 05:15:00,13.452735,I-BLEND,Academic
2013-09-05 05:30:00,13.531983,I-BLEND,Academic
2013-09-05 05:45:00,13.279548,I-BLEND,Academic
2013-09-05 06:00:00,8.796633,I-BLEND,Academic
2013-09-05 06:15:00,7.767269,I-BLEND,Academic
2013-09-05 06:30:00,8.387909,I-BLEND,Academic
2013-09-05 06:45:00,7.734482,I-BLEND,Academic
2013-09-05 07:00:00,7.795037,I-BLEND,Academic
2013-09-05 07:15:00,9.064762,I-BLEND,Academic
2013-09-05 07:30:00,26.182296,I-BLEND,Academic
2013-09-05 07:45:00,39.390267,I-BLEND,Academic
2013-09-05 08:00:00,42.705333,I-BLEND,Academic
2013-09-05 08:15:00,45.422899,I-BLEND,Academic
2013-09-05 08:30:00,45.819368,I-BLEND,Academic
2013-09-05 08:45:00,53.096167,I-BLEND,Academic
2013-09-05 09:00:00,53.127455,I-BLEND,Academic
2013-09-05 09:15:00,54.892227,I-BLEND,Academic
2013-09-05 09:30:00,55.971274,I-BLEND,Academic
2013-09-05 09:45:00,56.254430,I-BLEND,Academic
2013-09-05 10:00:00,59.522990,I-BLEND,Academic
2013-09-05 10:15:00,60.793552,I-BLEND,Academic
2013-09-05 10:30:00,63.453736,I-BLEND,Academic
2013-09-05 10:45:00,62.803966,I-BLEND,Academic
2013-09-05 11:00:00,63.283815,I-BLEND,Academic
2013-09-05 11:15:00,63.206746,I-BLEND,Academic
2013-09-05 11:30:00,64.417140,I-BLEND,Academic
2013-09-05 11:45:00,61.906313,I-BLEND,Academic
2013-09-05 12:00:00,61.863371,I-BLEND,Academic
2013-09-05 12:15:00,61.847058,I-BLEND,Academic
2013-09-05 12:30:00,60.583982,I-BLEND,Academic
2013-09-05 12:45:00,59.944075,I-BLEND,Academic
2013-09-05 13:00:00,56.587126,I-BLEND,Academic
2013-09-05 13:15:00,50.976627,I-BLEND,Academic
2013-09-05 13:30:00,50.455442,I-BLEND,Academic
2013-09-05 13:45:00,54.443900,I-BLEND,Academic
2013-09-05 14:00:00,56.807655,I-BLEND,Academic
2013-09-05 14:15:00,51.601500,I-BLEND,Academic
2013-09-05 14:30:00,57.848793,I-BLEND,Academic
2013-09-05 14:45:00,58.370197,I-BLEND,Academic
2013-09-05 15:00:00,59.988329,I-BLEND,Academic
2013-09-05 15:15:00,60.069420,I-BLEND,Academic
2013-09-05 15:30:00,58.242287,I-BLEND,Academic
2013-09-05 15:45:00,61.155635,I-BLEND,Academic
2013-09-05 16:00:00,61.496895,I-BLEND,Academic
2013-09-05 16:15:00,59.507038,I-BLEND,Academic
2013-09-05 16:30:00,55.961137,I-BLEND,Academic
2013-09-05 16:45:00,53.664027,I-BLEND,Academic
2013-09-05 17:00:00,51.339676,I-BLEND,Academic
2013-09-05 17:15:00,48.539644,I-BLEND,Academic
2013-09-05 17:30:00,46.615234,I-BLEND,Academic
2013-09-05 17:45:00,45.523045,I-BLEND,Academic
2013-09-05 18:00:00,44.486590,I-BLEND,Academic
2013-09-05 18:15:00,44.429223,I-BLEND,Academic
2013-09-05 18:30:00,44.895542,I-BLEND,Academic
2013-09-05 18:45:00,50.061626,I-BLEND,Academic
2013-09-05 19:00:00,46.404431,I-BLEND,Academic
2013-09-05 19:15:00,42.707742,I-BLEND,Academic
2013-09-05 19:30:00,41.227529,I-BLEND,Academic
2013-09-05 19:45:00,41.344670,I-BLEND,Academic
2013-09-05 20:00:00,41.067857,I-BLEND,Academic
2013-09-05 20:15:00,40.719361,I-BLEND,Academic
2013-09-05 20:30:00,40.912682,I-BLEND,Academic
2013-09-05 20:45:00,39.094132,I-BLEND,Academic
2013-09-05 21:00:00,38.766015,I-BLEND,Academic
2013-09-05 21:15:00,37.884070,I-BLEND,Academic
2013-09-05 21:30:00,38.745279,I-BLEND,Academic
2013-09-05 21:45:00,39.341607,I-BLEND,Academic
2013-09-05 22:00:00,38.993514,I-BLEND,Academic
2013-09-05 22:15:00,38.223615,I-BLEND,Academic
2013-09-05 22:30:00,38.462378,I-BLEND,Academic
2013-09-05 22:45:00,38.248904,I-BLEND,Academic
2013-09-05 23:00:00,38.566932,I-BLEND,Academic
2013-09-05 23:15:00,39.029188,I-BLEND,Academic
2013-09-05 23:30:00,38.571731,I-BLEND,Academic
2013-09-05 23:45:00,38.034263,I-BLEND,Academic
2013-09-06 00:00:00,37.286456,I-BLEND,Academic
2013-09-06 00:15:00,23.891764,I-BLEND,Academic
2013-09-06 00:30:00,19.007010,I-BLEND,Academic
2013-09-06 00:45:00,18.021483,I-BLEND,Academic
2013-09-06 01:00:00,16.931099,I-BLEND,Academic
2013-09-06 01:15:00,17.050490,I-BLEND,Academic
2013-09-06 01:30:00,16.412006,I-BLEND,Academic
2013-09-06 01:45:00,16.427346,I-BLEND,Academic
2013-09-06 02:00:00,16.756447,I-BLEND,Academic
2013-09-06 02:15:00,16.858953,I-BLEND,Academic
2013-09-06 02:30:00,16.881339,I-BLEND,Academic
2013-09-06 02:45:00,15.496135,I-BLEND,Academic
2013-09-06 03:00:00,14.658546,I-BLEND,Academic
2013-09-06 03:15:00,14.373315,I-BLEND,Academic
2013-09-06 03:30:00,13.832231,I-BLEND,Academic
2013-09-06 03:45:00,13.943400,I-BLEND,Academic
2013-09-06 04:00:00,13.813654,I-BLEND,Academic
2013-09-06 04:15:00,13.618978,I-BLEND,Academic
2013-09-06 04:30:00,13.482864,I-BLEND,Academic
2013-09-06 04:45:00,12.950015,I-BLEND,Academic
2013-09-06 05:00:00,13.141569,I-BLEND,Academic
2013-09-06 05:15:00,13.137151,I-BLEND,Academic
2013-09-06 05:30:00,13.147710,I-BLEND,Academic
2013-09-06 05:45:00,12.970529,I-BLEND,Academic
2013-09-06 06:00:00,10.418700,I-BLEND,Academic
2013-09-06 06:15:00,7.679103,I-BLEND,Academic
2013-09-06 06:30:00,7.549485,I-BLEND,Academic
2013-09-06 06:45:00,8.224578,I-BLEND,Academic
2013-09-06 07:00:00,9.150578,I-BLEND,Academic
2013-09-06 07:15:00,11.095090,I-BLEND,Academic
2013-09-06 07:30:00,31.684593,I-BLEND,Academic
2013-09-06 07:45:00,44.237688,I-BLEND,Academic
2013-09-06 08:00:00,45.294791,I-BLEND,Academic
2013-09-06 08:15:00,46.896207,I-BLEND,Academic
2013-09-06 08:30:00,48.939188,I-BLEND,Academic
2013-09-06 08:45:00,51.284077,I-BLEND,Academic
2013-09-06 09:00:00,53.898487,I-BLEND,Academic
2013-09-06 09:15:00,57.145669,I-BLEND,Academic
2013-09-06 09:30:00,56.346317,I-BLEND,Academic
2013-09-06 09:45:00,59.642734,I-BLEND,Academic
2013-09-06 10:00:00,58.969461,I-BLEND,Academic
2013-09-06 10:15:00,60.180667,I-BLEND,Academic
2013-09-06 10:30:00,61.841339,I-BLEND,Academic
2013-09-06 10:45:00,61.166424,I-BLEND,Academic
2013-09-06 11:00:00,62.467822,I-BLEND,Academic
2013-09-06 11:15:00,62.275980,I-BLEND,Academic
2013-09-06 11:30:00,60.209490,I-BLEND,Academic
2013-09-06 11:45:00,60.335606,I-BLEND,Academic
2013-09-06 12:00:00,60.159907,I-BLEND,Academic
2013-09-06 12:15:00,60.246488,I-BLEND,Academic
2013-09-06 12:30:00,58.450625,I-BLEND,Academic
2013-09-06 12:45:00,59.928264,I-BLEND,Academic
2013-09-06 13:00:00,61.057864,I-BLEND,Academic
2013-09-06 13:15:00,59.498173,I-BLEND,Academic
2013-09-06 13:30:00,57.998683,I-BLEND,Academic
2013-09-06 13:45:00,58.844893,I-BLEND,Academic
2013-09-06 14:00:00,63.096156,I-BLEND,Academic
2013-09-06 14:15:00,66.704951,I-BLEND,Academic
2013-09-06 14:30:00,65.764881,I-BLEND,Academic
2013-09-06 14:45:00,64.125405,I-BLEND,Academic
2013-09-06 15:00:00,65.033854,I-BLEND,Academic
2013-09-06 15:15:00,48.411972,I-BLEND,Academic
2013-09-06 15:30:00,62.895697,I-BLEND,Academic
2013-09-06 15:45:00,65.433008,I-BLEND,Academic
2013-09-06 16:00:00,64.511280,I-BLEND,Academic
2013-09-06 16:15:00,63.682865,I-BLEND,Academic
2013-09-06 16:30:00,64.866355,I-BLEND,Academic
2013-09-06 16:45:00,62.635600,I-BLEND,Academic
2013-09-06 17:00:00,64.485171,I-BLEND,Academic
2013-09-06 17:15:00,59.391756,I-BLEND,Academic
2013-09-06 17:30:00,53.539352,I-BLEND,Academic
2013-09-06 17:45:00,52.062739,I-BLEND,Academic
2013-09-06 18:00:00,52.000307,I-BLEND,Academic
2013-09-06 18:15:00,52.265186,I-BLEND,Academic
2013-09-06 18:30:00,53.271669,I-BLEND,Academic
2013-09-06 18:45:00,53.688866,I-BLEND,Academic
2013-09-06 19:00:00,51.918674,I-BLEND,Academic
2013-09-06 19:15:00,49.094982,I-BLEND,Academic
2013-09-06 19:30:00,46.409650,I-BLEND,Academic
2013-09-06 19:45:00,45.120995,I-BLEND,Academic
2013-09-06 20:00:00,45.254377,I-BLEND,Academic
2013-09-06 20:15:00,44.842391,I-BLEND,Academic
2013-09-06 20:30:00,43.939901,I-BLEND,Academic
2013-09-06 20:45:00,43.147652,I-BLEND,Academic
2013-09-06 21:00:00,43.255030,I-BLEND,Academic
2013-09-06 21:15:00,40.590805,I-BLEND,Academic
2013-09-06 21:30:00,39.113635,I-BLEND,Academic
2013-09-06 21:45:00,40.027813,I-BLEND,Academic
2013-09-06 22:00:00,37.846243,I-BLEND,Academic
2013-09-06 22:15:00,36.469955,I-BLEND,Academic
2013-09-06 22:30:00,36.478871,I-BLEND,Academic
2013-09-06 22:45:00,36.165718,I-BLEND,Academic
2013-09-06 23:00:00,36.376513,I-BLEND,Academic
2013-09-06 23:15:00,36.910655,I-BLEND,Academic
2013-09-06 23:30:00,18.285919,I-BLEND,Academic
2013-09-06 23:45:00,17.379956,I-BLEND,Academic
2013-09-07 00:00:00,17.453635,I-BLEND,Academic
2013-09-07 00:15:00,17.390832,I-BLEND,Academic
2013-09-07 00:30:00,17.989754,I-BLEND,Academic
2013-09-07 00:45:00,17.298354,I-BLEND,Academic
2013-09-07 01:00:00,18.290955,I-BLEND,Academic
2013-09-07 01:15:00,17.779349,I-BLEND,Academic
2013-09-07 01:30:00,17.237747,I-BLEND,Academic
2013-09-07 01:45:00,17.067834,I-BLEND,Academic
2013-09-07 02:00:00,16.099884,I-BLEND,Academic
2013-09-07 02:15:00,15.561867,I-BLEND,Academic
2013-09-07 02:30:00,15.174404,I-BLEND,Academic
2013-09-07 02:45:00,14.946607,I-BLEND,Academic
2013-09-07 03:00:00,13.602662,I-BLEND,Academic
2013-09-07 03:15:00,13.311408,I-BLEND,Academic
2013-09-07 03:30:00,13.142071,I-BLEND,Academic
2013-09-07 03:45:00,12.847165,I-BLEND,Academic
2013-09-07 04:00:00,12.758944,I-BLEND,Academic
2013-09-07 04:15:00,12.839579,I-BLEND,Academic
2013-09-07 04:30:00,12.878484,I-BLEND,Academic
2013-09-07 04:45:00,12.730728,I-BLEND,Academic
2013-09-07 05:00:00,12.701594,I-BLEND,Academic
2013-09-07 05:15:00,12.976024,I-BLEND,Academic
2013-09-07 05:30:00,12.667832,I-BLEND,Academic
2013-09-07 05:45:00,12.529344,I-BLEND,Academic
2013-09-07 06:00:00,10.071764,I-BLEND,Academic
2013-09-07 06:15:00,8.282705,I-BLEND,Academic
2013-09-07 06:30:00,6.579672,I-BLEND,Academic
2013-09-07 06:45:00,6.464448,I-BLEND,Academic
2013-09-07 07:00:00,6.656274,I-BLEND,Academic
2013-09-07 07:15:00,7.121104,I-BLEND,Academic
2013-09-07 07:30:00,8.330745,I-BLEND,Academic
2013-09-07 07:45:00,11.632212,I-BLEND,Academic
2013-09-07 08:00:00,12.240594,I-BLEND,Academic
2013-09-07 08:15:00,13.443379,I-BLEND,Academic
2013-09-07 08:30:00,14.310951,I-BLEND,Academic
2013-09-07 08:45:00,15.231617,I-BLEND,Academic
2013-09-07 09:00:00,16.823599,I-BLEND,Academic
2013-09-07 09:15:00,18.879774,I-BLEND,Academic
2013-09-07 09:30:00,20.291181,I-BLEND,Academic
2013-09-07 09:45:00,20.603202,I-BLEND,Academic
2013-09-07 10:00:00,20.181268,I-BLEND,Academic
2013-09-07 10:15:00,19.840752,I-BLEND,Academic
2013-09-07 10:30:00,20.671604,I-BLEND,Academic
2013-09-07 10:45:00,20.841953,I-BLEND,Academic
2013-09-07 11:00:00,21.347922,I-BLEND,Academic
2013-09-07 11:15:00,22.818385,I-BLEND,Academic
2013-09-07 11:30:00,23.169762,I-BLEND,Academic
2013-09-07 11:45:00,23.338210,I-BLEND,Academic
2013-09-07 12:00:00,22.318064,I-BLEND,Academic
2013-09-07 12:15:00,22.317584,I-BLEND,Academic
2013-09-07 12:30:00,22.291346,I-BLEND,Academic
2013-09-07 12:45:00,19.961878,I-BLEND,Academic
2013-09-07 13:00:00,18.377432,I-BLEND,Academic
2013-09-07 13:15:00,16.910921,I-BLEND,Academic
2013-09-07 13:30:00,16.243271,I-BLEND,Academic
2013-09-07 13:45:00,16.398514,I-BLEND,Academic
2013-09-07 14:00:00,17.705197,I-BLEND,Academic
2013-09-07 14:15:00,18.824130,I-BLEND,Academic
2013-09-07 14:30:00,19.709774,I-BLEND,Academic
2013-09-07 14:45:00,19.557938,I-BLEND,Academic
2013-09-07 15:00:00,18.126614,I-BLEND,Academic
2013-09-07 15:15:00,18.667672,I-BLEND,Academic
2013-09-07 15:30:00,15.310840,I-BLEND,Academic
2013-09-07 15:45:00,15.726264,I-BLEND,Academic
2013-09-07 16:00:00,14.876161,I-BLEND,Academic
2013-09-07 16:15:00,14.390479,I-BLEND,Academic
2013-09-07 16:30:00,13.380354,I-BLEND,Academic
2013-09-07 16:45:00,13.858985,I-BLEND,Academic
2013-09-07 17:00:00,14.032961,I-BLEND,Academic
2013-09-07 17:15:00,12.772257,I-BLEND,Academic
2013-09-07 17:30:00,11.400287,I-BLEND,Academic
2013-09-07 17:45:00,11.771979,I-BLEND,Academic
2013-09-07 18:00:00,10.605186,I-BLEND,Academic
2013-09-07 18:15:00,10.330363,I-BLEND,Academic
2013-09-07 18:30:00,12.731115,I-BLEND,Academic
2013-09-07 18:45:00,18.278710,I-BLEND,Academic
2013-09-07 19:00:00,18.073452,I-BLEND,Academic
2013-09-07 19:15:00,17.696165,I-BLEND,Academic
2013-09-07 19:30:00,18.298021,I-BLEND,Academic
2013-09-07 19:45:00,18.362630,I-BLEND,Academic
2013-09-07 20:00:00,18.475348,I-BLEND,Academic
2013-09-07 20:15:00,18.391961,I-BLEND,Academic
2013-09-07 20:30:00,17.707082,I-BLEND,Academic
2013-09-07 20:45:00,17.057356,I-BLEND,Academic
2013-09-07 21:00:00,17.107291,I-BLEND,Academic
2013-09-07 21:15:00,15.679658,I-BLEND,Academic
2013-09-07 21:30:00,14.966239,I-BLEND,Academic
2013-09-07 21:45:00,14.985452,I-BLEND,Academic
2013-09-07 22:00:00,15.263822,I-BLEND,Academic
2013-09-07 22:15:00,15.479544,I-BLEND,Academic
2013-09-07 22:30:00,15.669075,I-BLEND,Academic
2013-09-07 22:45:00,16.206136,I-BLEND,Academic
2013-09-07 23:00:00,15.560493,I-BLEND,Academic
2013-09-07 23:15:00,15.620802,I-BLEND,Academic
2013-09-07 23:30:00,15.661688,I-BLEND,Academic
2013-09-07 23:45:00,15.444888,I-BLEND,Academic
2013-09-08 00:00:00,15.059515,I-BLEND,Academic
2013-09-08 00:15:00,15.394383,I-BLEND,Academic
2013-09-08 00:30:00,15.428253,I-BLEND,Academic
2013-09-08 00:45:00,15.457977,I-BLEND,Academic
2013-09-08 01:00:00,15.173280,I-BLEND,Academic
2013-09-08 01:15:00,14.741105,I-BLEND,Academic
2013-09-08 01:30:00,14.464756,I-BLEND,Academic
2013-09-08 01:45:00,14.361896,I-BLEND,Academic
2013-09-08 02:00:00,13.910778,I-BLEND,Academic
2013-09-08 02:15:00,13.836226,I-BLEND,Academic
2013-09-08 02:30:00,14.173295,I-BLEND,Academic
2013-09-08 02:45:00,13.698419,I-BLEND,Academic
2013-09-08 03:00:00,13.188666,I-BLEND,Academic
2013-09-08 03:15:00,13.298616,I-BLEND,Academic
2013-09-08 03:30:00,13.241464,I-BLEND,Academic
2013-09-08 03:45:00,13.125953,I-BLEND,Academic
2013-09-08 04:00:00,13.199103,I-BLEND,Academic
2013-09-08 04:15:00,12.791467,I-BLEND,Academic
2013-09-08 04:30:00,13.072463,I-BLEND,Academic
2013-09-08 04:45:00,13.015702,I-BLEND,Academic
2013-09-08 05:00:00,12.919750,I-BLEND,Academic
2013-09-08 05:15:00,13.162334,I-BLEND,Academic
2013-09-08 05:30:00,12.678708,I-BLEND,Academic
2013-09-08 05:45:00,12.426170,I-BLEND,Academic
2013-09-08 06:00:00,9.272186,I-BLEND,Academic
2013-09-08 06:15:00,8.008591,I-BLEND,Academic
2013-09-08 06:30:00,7.182922,I-BLEND,Academic
2013-09-08 06:45:00,7.266395,I-BLEND,Academic
2013-09-08 07:00:00,7.008879,I-BLEND,Academic
2013-09-08 07:15:00,7.485185,I-BLEND,Academic
2013-09-08 07:30:00,7.003321,I-BLEND,Academic
2013-09-08 07:45:00,7.143866,I-BLEND,Academic
2013-09-08 08:00:00,7.943240,I-BLEND,Academic
2013-09-08 08:15:00,7.362796,I-BLEND,Academic
2013-09-08 08:30:00,7.536837,I-BLEND,Academic
2013-09-08 08:45:00,7.399952,I-BLEND,Academic
2013-09-08 09:00:00,7.278051,I-BLEND,Academic
2013-09-08 09:15:00,7.348506,I-BLEND,Academic
2013-09-08 09:30:00,7.979005,I-BLEND,Academic
2013-09-08 09:45:00,8.150614,I-BLEND,Academic
2013-09-08 10:00:00,8.721574,I-BLEND,Academic
2013-09-08 10:15:00,8.493574,I-BLEND,Academic
2013-09-08 10:30:00,9.805005,I-BLEND,Academic
2013-09-08 10:45:00,10.488318,I-BLEND,Academic
2013-09-08 11:00:00,10.948962,I-BLEND,Academic
2013-09-08 11:15:00,10.703841,I-BLEND,Academic
2013-09-08 11:30:00,10.950568,I-BLEND,Academic
2013-09-08 11:45:00,9.935882,I-BLEND,Academic
2013-09-08 12:00:00,10.443441,I-BLEND,Academic
2013-09-08 12:15:00,10.262248,I-BLEND,Academic
2013-09-08 12:30:00,9.772026,I-BLEND,Academic
2013-09-08 12:45:00,10.179448,I-BLEND,Academic
2013-09-08 13:00:00,10.180263,I-BLEND,Academic
2013-09-08 13:15:00,9.644039,I-BLEND,Academic
2013-09-08 13:30:00,9.532330,I-BLEND,Academic
2013-09-08 13:45:00,9.687661,I-BLEND,Academic
2013-09-08 14:00:00,10.193768,I-BLEND,Academic
2013-09-08 14:15:00,9.726071,I-BLEND,Academic
2013-09-08 14:30:00,9.947064,I-BLEND,Academic
2013-09-08 14:45:00,10.915657,I-BLEND,Academic
2013-09-08 15:00:00,10.400550,I-BLEND,Academic
2013-09-08 15:15:00,10.406220,I-BLEND,Academic
2013-09-08 15:30:00,10.609681,I-BLEND,Academic
2013-09-08 15:45:00,10.370453,I-BLEND,Academic
2013-09-08 16:00:00,10.921873,I-BLEND,Academic
2013-09-08 16:15:00,11.164571,I-BLEND,Academic
2013-09-08 16:30:00,10.565613,I-BLEND,Academic
2013-09-08 16:45:00,10.909442,I-BLEND,Academic
2013-09-08 17:00:00,13.277764,I-BLEND,Academic
2013-09-08 17:15:00,13.300032,I-BLEND,Academic
2013-09-08 17:30:00,12.489091,I-BLEND,Academic
2013-09-08 17:45:00,12.242045,I-BLEND,Academic
2013-09-08 18:00:00,13.534681,I-BLEND,Academic
2013-09-08 18:15:00,13.499936,I-BLEND,Academic
2013-09-08 18:30:00,13.562359,I-BLEND,Academic
2013-09-08 18:45:00,16.404707,I-BLEND,Academic
2013-09-08 19:00:00,18.779578,I-BLEND,Academic
2013-09-08 19:15:00,18.726270,I-BLEND,Academic
2013-09-08 19:30:00,19.361570,I-BLEND,Academic
2013-09-08 19:45:00,19.753776,I-BLEND,Academic
2013-09-08 20:00:00,19.517333,I-BLEND,Academic
2013-09-08 20:15:00,19.356208,I-BLEND,Academic
2013-09-08 20:30:00,20.104280,I-BLEND,Academic
2013-09-08 20:45:00,19.973006,I-BLEND,Academic
2013-09-08 21:00:00,19.071762,I-BLEND,Academic
2013-09-08 21:15:00,18.171282,I-BLEND,Academic
2013-09-08 21:30:00,20.764240,I-BLEND,Academic
2013-09-08 21:45:00,18.248034,I-BLEND,Academic
2013-09-08 22:00:00,19.384527,I-BLEND,Academic
2013-09-08 22:15:00,19.430624,I-BLEND,Academic
2013-09-08 22:30:00,19.894574,I-BLEND,Academic
2013-09-08 22:45:00,19.744575,I-BLEND,Academic
2013-09-08 23:00:00,17.867353,I-BLEND,Academic
2013-09-08 23:15:00,17.850219,I-BLEND,Academic
2013-09-08 23:30:00,17.449688,I-BLEND,Academic
2013-09-08 23:45:00,17.339844,I-BLEND,Academic
